FYEAR,PROCODE3,ORG_DESCRIPTION
1718,8F6,NULL
1718,8G3,NULL
1718,8HP,NULL
1718,8J2,NULL
1718,8JA,NULL
1718,AAH,NULL
1718,AAV,NULL
1718,ACG,NULL
1718,AD9,NULL
1718,ADP,NULL
1718,AHH,NULL
1718,AJX,NULL
1718,AP2,NULL
1718,AQK,NULL
1718,AVQ,NULL
1718,DC8,NULL
1718,DJQ,NULL
1718,NAM,NULL
1718,NAX,NULL
1718,NDA,NULL
1718,NEH,NULL
1718,NEQ,NULL
1718,NEY,NULL
1718,NFH,NULL
1718,NFX,NULL
1718,NGY,NULL
1718,NHM,NULL
1718,NHT,NULL
1718,NHW,NULL
1718,NJS,NULL
1718,NKE,NULL
1718,NLE,NULL
1718,NLF,NULL
1718,NLO,NULL
1718,NLT,NULL
1718,NLX,NULL
1718,NN4,NULL
1718,NN5,NULL
1718,NN8,NULL
1718,NNE,NULL
1718,NNF,NULL
1718,NNH,NULL
1718,NPG,NULL
1718,NPR,NULL
1718,NQ1,NULL
1718,NQ7,NULL
1718,NQM,NULL
1718,NQT,NULL
1718,NR3,NULL
1718,NR5,NULL
1718,NT2,NULL
1718,NT3,NULL
1718,NT4,NULL
1718,NTE,NULL
1718,NTP,NULL
1718,NTV,NULL
1718,NTX,NULL
1718,NV1,NULL
1718,NV3,NULL
1718,NVC,NULL
1718,NVG,NULL
1718,NVM,NULL
1718,NW6,NULL
1718,NWF,NULL
1718,NWV,NULL
1718,NWX,NULL
1718,NX1,NULL
1718,NX5,NULL
1718,NXM,NULL
1718,NXP,NULL
1718,NY6,NULL
1718,NYG,NULL
1718,NYN,NULL
1718,NYW,NULL
1718,R0A,MANCHESTER UNIVERSITY NHS FOUNDATION TRUST
1718,R1A,WORCESTERSHIRE HEALTH AND CARE NHS TRUST
1718,R1C,SOLENT NHS TRUST
1718,R1D,SHROPSHIRE COMMUNITY HEALTH NHS TRUST
1718,R1E,STAFFORDSHIRE AND STOKE ON TRENT PARTNERSHIP NHS TRUST
1718,R1F,ISLE OF WIGHT NHS TRUST
1718,R1H,BARTS HEALTH NHS TRUST
1718,R1J,GLOUCESTERSHIRE CARE SERVICES NHS TRUST
1718,R1K,LONDON NORTH WEST UNIVERSITY HEALTHCARE NHS TRUST
1718,R1L,ESSEX PARTNERSHIP UNIVERSITY NHS FOUNDATION TRUST
1718,RA2,ROYAL SURREY COUNTY HOSPITAL NHS FOUNDATION TRUST
1718,RA3,WESTON AREA HEALTH NHS TRUST
1718,RA4,YEOVIL DISTRICT HOSPITAL NHS FOUNDATION TRUST
1718,RA7,UNIVERSITY HOSPITALS BRISTOL NHS FOUNDATION TRUST
1718,RA9,TORBAY AND SOUTH DEVON NHS FOUNDATION TRUST
1718,RAE,BRADFORD TEACHING HOSPITALS NHS FOUNDATION TRUST
1718,RAJ,SOUTHEND UNIVERSITY HOSPITAL NHS FOUNDATION TRUST
1718,RAL,ROYAL FREE LONDON NHS FOUNDATION TRUST
1718,RAN,ROYAL NATIONAL ORTHOPAEDIC HOSPITAL NHS TRUST
1718,RAP,NORTH MIDDLESEX UNIVERSITY HOSPITAL NHS TRUST
1718,RAS,THE HILLINGDON HOSPITALS NHS FOUNDATION TRUST
1718,RAT,NORTH EAST LONDON NHS FOUNDATION TRUST
1718,RAX,KINGSTON HOSPITAL NHS FOUNDATION TRUST
1718,RBA,TAUNTON AND SOMERSET NHS FOUNDATION TRUST
1718,RBD,DORSET COUNTY HOSPITAL NHS FOUNDATION TRUST
1718,RBK,WALSALL HEALTHCARE NHS TRUST
1718,RBL,WIRRAL UNIVERSITY TEACHING HOSPITAL NHS FOUNDATION TRUST
1718,RBN,ST HELENS AND KNOWSLEY HOSPITAL SERVICES NHS TRUST
1718,RBQ,LIVERPOOL HEART AND CHEST HOSPITAL NHS FOUNDATION TRUST
1718,RBS,ALDER HEY CHILDREN'S NHS FOUNDATION TRUST
1718,RBT,MID CHESHIRE HOSPITALS NHS FOUNDATION TRUST
1718,RBV,THE CHRISTIE NHS FOUNDATION TRUST
1718,RBZ,NORTHERN DEVON HEALTHCARE NHS TRUST
1718,RC1,BEDFORD HOSPITAL NHS TRUST
1718,RC9,LUTON AND DUNSTABLE UNIVERSITY HOSPITAL NHS FOUNDATION TRUST
1718,RCB,YORK TEACHING HOSPITAL NHS FOUNDATION TRUST
1718,RCD,HARROGATE AND DISTRICT NHS FOUNDATION TRUST
1718,RCF,AIREDALE NHS FOUNDATION TRUST
1718,RCU,SHEFFIELD CHILDREN'S NHS FOUNDATION TRUST
1718,RCX,"THE QUEEN ELIZABETH HOSPITAL, KING'S LYNN, NHS FOUNDATION TRUST"
1718,RD1,ROYAL UNITED HOSPITALS BATH NHS FOUNDATION TRUST
1718,RD3,POOLE HOSPITAL NHS FOUNDATION TRUST
1718,RD8,MILTON KEYNES UNIVERSITY HOSPITAL NHS FOUNDATION TRUST
1718,RDD,BASILDON AND THURROCK UNIVERSITY HOSPITALS NHS FOUNDATION TRUST
1718,RDE,COLCHESTER HOSPITAL UNIVERSITY NHS FOUNDATION TRUST
1718,RDR,SUSSEX COMMUNITY NHS FOUNDATION TRUST
1718,RDU,FRIMLEY HEALTH NHS FOUNDATION TRUST
1718,RDY,DORSET HEALTHCARE UNIVERSITY NHS FOUNDATION TRUST
1718,RDZ,THE ROYAL BOURNEMOUTH AND CHRISTCHURCH HOSPITALS NHS FOUNDATION TRUST
1718,RE9,SOUTH TYNESIDE NHS FOUNDATION TRUST
1718,REF,ROYAL CORNWALL HOSPITALS NHS TRUST
1718,REM,AINTREE UNIVERSITY HOSPITAL NHS FOUNDATION TRUST
1718,REN,THE CLATTERBRIDGE CANCER CENTRE NHS FOUNDATION TRUST
1718,REP,LIVERPOOL WOMEN'S NHS FOUNDATION TRUST
1718,RET,THE WALTON CENTRE NHS FOUNDATION TRUST
1718,RF4,"BARKING, HAVERING AND REDBRIDGE UNIVERSITY HOSPITALS NHS TRUST"
1718,RFF,BARNSLEY HOSPITAL NHS FOUNDATION TRUST
1718,RFR,THE ROTHERHAM NHS FOUNDATION TRUST
1718,RFS,CHESTERFIELD ROYAL HOSPITAL NHS FOUNDATION TRUST
1718,RGD,LEEDS AND YORK PARTNERSHIP NHS FOUNDATION TRUST
1718,RGM,ROYAL PAPWORTH HOSPITAL NHS FOUNDATION TRUST
1718,RGN,NORTH WEST ANGLIA NHS FOUNDATION TRUST
1718,RGP,JAMES PAGET UNIVERSITY HOSPITALS NHS FOUNDATION TRUST
1718,RGQ,IPSWICH HOSPITAL NHS TRUST
1718,RGR,WEST SUFFOLK NHS FOUNDATION TRUST
1718,RGT,CAMBRIDGE UNIVERSITY HOSPITALS NHS FOUNDATION TRUST
1718,RH5,SOMERSET PARTNERSHIP NHS FOUNDATION TRUST
1718,RH8,ROYAL DEVON AND EXETER NHS FOUNDATION TRUST
1718,RHA,NOTTINGHAMSHIRE HEALTHCARE NHS FOUNDATION TRUST
1718,RHM,UNIVERSITY HOSPITAL SOUTHAMPTON NHS FOUNDATION TRUST
1718,RHQ,SHEFFIELD TEACHING HOSPITALS NHS FOUNDATION TRUST
1718,RHU,PORTSMOUTH HOSPITALS NHS TRUST
1718,RHW,ROYAL BERKSHIRE NHS FOUNDATION TRUST
1718,RJ1,GUY'S AND ST THOMAS' NHS FOUNDATION TRUST
1718,RJ2,LEWISHAM AND GREENWICH NHS TRUST
1718,RJ6,CROYDON HEALTH SERVICES NHS TRUST
1718,RJ7,ST GEORGE'S UNIVERSITY HOSPITALS NHS FOUNDATION TRUST
1718,RJ8,CORNWALL PARTNERSHIP NHS FOUNDATION TRUST
1718,RJC,SOUTH WARWICKSHIRE NHS FOUNDATION TRUST
1718,RJE,UNIVERSITY HOSPITALS OF NORTH MIDLANDS NHS TRUST
1718,RJF,BURTON HOSPITALS NHS FOUNDATION TRUST
1718,RJL,NORTHERN LINCOLNSHIRE AND GOOLE NHS FOUNDATION TRUST
1718,RJN,EAST CHESHIRE NHS TRUST
1718,RJR,COUNTESS OF CHESTER HOSPITAL NHS FOUNDATION TRUST
1718,RJZ,KING'S COLLEGE HOSPITAL NHS FOUNDATION TRUST
1718,RK5,SHERWOOD FOREST HOSPITALS NHS FOUNDATION TRUST
1718,RK9,PLYMOUTH HOSPITALS NHS TRUST
1718,RKB,UNIVERSITY HOSPITALS COVENTRY AND WARWICKSHIRE NHS TRUST
1718,RKE,WHITTINGTON HEALTH NHS TRUST
1718,RKL,WEST LONDON MENTAL HEALTH NHS TRUST
1718,RL1,THE ROBERT JONES AND AGNES HUNT ORTHOPAEDIC HOSPITAL NHS FOUNDATION TRUST
1718,RL4,THE ROYAL WOLVERHAMPTON NHS TRUST
1718,RLN,CITY HOSPITALS SUNDERLAND NHS FOUNDATION TRUST
1718,RLQ,WYE VALLEY NHS TRUST
1718,RLT,GEORGE ELIOT HOSPITAL NHS TRUST
1718,RLY,NORTH STAFFORDSHIRE COMBINED HEALTHCARE NHS TRUST
1718,RM1,NORFOLK AND NORWICH UNIVERSITY HOSPITALS NHS FOUNDATION TRUST
1718,RM3,SALFORD ROYAL NHS FOUNDATION TRUST
1718,RMC,BOLTON NHS FOUNDATION TRUST
1718,RMP,TAMESIDE AND GLOSSOP INTEGRATED CARE NHS FOUNDATION TRUST
1718,RMY,NORFOLK AND SUFFOLK NHS FOUNDATION TRUST
1718,RN3,GREAT WESTERN HOSPITALS NHS FOUNDATION TRUST
1718,RN5,HAMPSHIRE HOSPITALS NHS FOUNDATION TRUST
1718,RN7,DARTFORD AND GRAVESHAM NHS TRUST
1718,RNA,THE DUDLEY GROUP NHS FOUNDATION TRUST
1718,RNL,NORTH CUMBRIA UNIVERSITY HOSPITALS NHS TRUST
1718,RNN,CUMBRIA PARTNERSHIP NHS FOUNDATION TRUST
1718,RNQ,KETTERING GENERAL HOSPITAL NHS FOUNDATION TRUST
1718,RNS,NORTHAMPTON GENERAL HOSPITAL NHS TRUST
1718,RNU,OXFORD HEALTH NHS FOUNDATION TRUST
1718,RNZ,SALISBURY NHS FOUNDATION TRUST
1718,RP1,NORTHAMPTONSHIRE HEALTHCARE NHS FOUNDATION TRUST
1718,RP4,GREAT ORMOND STREET HOSPITAL FOR CHILDREN NHS FOUNDATION TRUST
1718,RP5,DONCASTER AND BASSETLAW TEACHING HOSPITALS NHS FOUNDATION TRUST
1718,RP6,MOORFIELDS EYE HOSPITAL NHS FOUNDATION TRUST
1718,RP7,LINCOLNSHIRE PARTNERSHIP NHS FOUNDATION TRUST
1718,RPA,MEDWAY NHS FOUNDATION TRUST
1718,RPC,QUEEN VICTORIA HOSPITAL NHS FOUNDATION TRUST
1718,RPG,OXLEAS NHS FOUNDATION TRUST
1718,RPY,THE ROYAL MARSDEN NHS FOUNDATION TRUST
1718,RQ3,BIRMINGHAM WOMEN'S AND CHILDREN'S NHS FOUNDATION TRUST
1718,RQ6,ROYAL LIVERPOOL AND BROADGREEN UNIVERSITY HOSPITALS NHS TRUST
1718,RQ8,MID ESSEX HOSPITAL SERVICES NHS TRUST
1718,RQM,CHELSEA AND WESTMINSTER HOSPITAL NHS FOUNDATION TRUST
1718,RQW,THE PRINCESS ALEXANDRA HOSPITAL NHS TRUST
1718,RQX,HOMERTON UNIVERSITY HOSPITAL NHS FOUNDATION TRUST
1718,RQY,SOUTH WEST LONDON AND ST GEORGE'S MENTAL HEALTH NHS TRUST
1718,RR1,HEART OF ENGLAND NHS FOUNDATION TRUST
1718,RR7,GATESHEAD HEALTH NHS FOUNDATION TRUST
1718,RR8,LEEDS TEACHING HOSPITALS NHS TRUST
1718,RRE,SOUTH STAFFORDSHIRE AND SHROPSHIRE HEALTHCARE NHS FOUNDATION TRUST
1718,RRF,"WRIGHTINGTON, WIGAN AND LEIGH NHS FOUNDATION TRUST"
1718,RRJ,THE ROYAL ORTHOPAEDIC HOSPITAL NHS FOUNDATION TRUST
1718,RRK,UNIVERSITY HOSPITALS BIRMINGHAM NHS FOUNDATION TRUST
1718,RRP,"BARNET, ENFIELD AND HARINGEY MENTAL HEALTH NHS TRUST"
1718,RRV,UNIVERSITY COLLEGE LONDON HOSPITALS NHS FOUNDATION TRUST
1718,RT1,CAMBRIDGESHIRE AND PETERBOROUGH NHS FOUNDATION TRUST
1718,RT3,ROYAL BROMPTON & HAREFIELD NHS FOUNDATION TRUST
1718,RT5,LEICESTERSHIRE PARTNERSHIP NHS TRUST
1718,RTD,THE NEWCASTLE UPON TYNE HOSPITALS NHS FOUNDATION TRUST
1718,RTE,GLOUCESTERSHIRE HOSPITALS NHS FOUNDATION TRUST
1718,RTF,NORTHUMBRIA HEALTHCARE NHS FOUNDATION TRUST
1718,RTG,DERBY TEACHING HOSPITALS NHS FOUNDATION TRUST
1718,RTH,OXFORD UNIVERSITY HOSPITALS NHS FOUNDATION TRUST
1718,RTK,ASHFORD AND ST PETER'S HOSPITALS NHS FOUNDATION TRUST
1718,RTP,SURREY AND SUSSEX HEALTHCARE NHS TRUST
1718,RTQ,2GETHER NHS FOUNDATION TRUST
1718,RTR,SOUTH TEES HOSPITALS NHS FOUNDATION TRUST
1718,RTV,NORTH WEST BOROUGHS HEALTHCARE NHS FOUNDATION TRUST
1718,RTX,UNIVERSITY HOSPITALS OF MORECAMBE BAY NHS FOUNDATION TRUST
1718,RV3,CENTRAL AND NORTH WEST LONDON NHS FOUNDATION TRUST
1718,RV5,SOUTH LONDON AND MAUDSLEY NHS FOUNDATION TRUST
1718,RV9,HUMBER NHS FOUNDATION TRUST
1718,RVJ,NORTH BRISTOL NHS TRUST
1718,RVN,AVON AND WILTSHIRE MENTAL HEALTH PARTNERSHIP NHS TRUST
1718,RVR,EPSOM AND ST HELIER UNIVERSITY HOSPITALS NHS TRUST
1718,RVV,EAST KENT HOSPITALS UNIVERSITY NHS FOUNDATION TRUST
1718,RVW,NORTH TEES AND HARTLEPOOL NHS FOUNDATION TRUST
1718,RVY,SOUTHPORT AND ORMSKIRK HOSPITAL NHS TRUST
1718,RW1,SOUTHERN HEALTH NHS FOUNDATION TRUST
1718,RW4,MERSEY CARE NHS FOUNDATION TRUST
1718,RW5,LANCASHIRE CARE NHS FOUNDATION TRUST
1718,RW6,PENNINE ACUTE HOSPITALS NHS TRUST
1718,RWA,HULL AND EAST YORKSHIRE HOSPITALS NHS TRUST
1718,RWD,UNITED LINCOLNSHIRE HOSPITALS NHS TRUST
1718,RWE,UNIVERSITY HOSPITALS OF LEICESTER NHS TRUST
1718,RWF,MAIDSTONE AND TUNBRIDGE WELLS NHS TRUST
1718,RWG,WEST HERTFORDSHIRE HOSPITALS NHS TRUST
1718,RWH,EAST AND NORTH HERTFORDSHIRE NHS TRUST
1718,RWJ,STOCKPORT NHS FOUNDATION TRUST
1718,RWK,EAST LONDON NHS FOUNDATION TRUST
1718,RWP,WORCESTERSHIRE ACUTE HOSPITALS NHS TRUST
1718,RWR,HERTFORDSHIRE PARTNERSHIP UNIVERSITY NHS FOUNDATION TRUST
1718,RWV,DEVON PARTNERSHIP NHS TRUST
1718,RWW,WARRINGTON AND HALTON HOSPITALS NHS FOUNDATION TRUST
1718,RWX,BERKSHIRE HEALTHCARE NHS FOUNDATION TRUST
1718,RWY,CALDERDALE AND HUDDERSFIELD NHS FOUNDATION TRUST
1718,RX1,NOTTINGHAM UNIVERSITY HOSPITALS NHS TRUST
1718,RX2,SUSSEX PARTNERSHIP NHS FOUNDATION TRUST
1718,RX3,"TEES, ESK AND WEAR VALLEYS NHS FOUNDATION TRUST"
1718,RX4,"NORTHUMBERLAND, TYNE AND WEAR NHS FOUNDATION TRUST"
1718,RXA,CHESHIRE AND WIRRAL PARTNERSHIP NHS FOUNDATION TRUST
1718,RXC,EAST SUSSEX HEALTHCARE NHS TRUST
1718,RXE,ROTHERHAM DONCASTER AND SOUTH HUMBER NHS FOUNDATION TRUST
1718,RXF,MID YORKSHIRE HOSPITALS NHS TRUST
1718,RXG,SOUTH WEST YORKSHIRE PARTNERSHIP NHS FOUNDATION TRUST
1718,RXH,BRIGHTON AND SUSSEX UNIVERSITY HOSPITALS NHS TRUST
1718,RXK,SANDWELL AND WEST BIRMINGHAM HOSPITALS NHS TRUST
1718,RXL,BLACKPOOL TEACHING HOSPITALS NHS FOUNDATION TRUST
1718,RXM,DERBYSHIRE HEALTHCARE NHS FOUNDATION TRUST
1718,RXN,LANCASHIRE TEACHING HOSPITALS NHS FOUNDATION TRUST
1718,RXP,COUNTY DURHAM AND DARLINGTON NHS FOUNDATION TRUST
1718,RXQ,BUCKINGHAMSHIRE HEALTHCARE NHS TRUST
1718,RXR,EAST LANCASHIRE HOSPITALS NHS TRUST
1718,RXT,BIRMINGHAM AND SOLIHULL MENTAL HEALTH NHS FOUNDATION TRUST
1718,RXW,SHREWSBURY AND TELFORD HOSPITAL NHS TRUST
1718,RXX,SURREY AND BORDERS PARTNERSHIP NHS FOUNDATION TRUST
1718,RXY,KENT AND MEDWAY NHS AND SOCIAL CARE PARTNERSHIP TRUST
1718,RY1,LIVERPOOL COMMUNITY HEALTH NHS TRUST
1718,RY2,BRIDGEWATER COMMUNITY HEALTHCARE NHS FOUNDATION TRUST
1718,RY3,NORFOLK COMMUNITY HEALTH AND CARE NHS TRUST
1718,RY4,HERTFORDSHIRE COMMUNITY NHS TRUST
1718,RY5,LINCOLNSHIRE COMMUNITY HEALTH SERVICES NHS TRUST
1718,RY6,LEEDS COMMUNITY HEALTHCARE NHS TRUST
1718,RY7,WIRRAL COMMUNITY NHS FOUNDATION TRUST
1718,RY8,DERBYSHIRE COMMUNITY HEALTH SERVICES NHS FOUNDATION TRUST
1718,RY9,HOUNSLOW AND RICHMOND COMMUNITY HEALTHCARE NHS TRUST
1718,RYF,SOUTH WESTERN AMBULANCE SERVICE NHS FOUNDATION TRUST
1718,RYG,COVENTRY AND WARWICKSHIRE PARTNERSHIP NHS TRUST
1718,RYJ,IMPERIAL COLLEGE HEALTHCARE NHS TRUST
1718,RYK,DUDLEY AND WALSALL MENTAL HEALTH PARTNERSHIP NHS TRUST
1718,RYR,WESTERN SUSSEX HOSPITALS NHS FOUNDATION TRUST
1718,RYV,CAMBRIDGESHIRE COMMUNITY SERVICES NHS TRUST
1718,RYW,BIRMINGHAM COMMUNITY HEALTHCARE NHS FOUNDATION TRUST
1718,RYX,CENTRAL LONDON COMMUNITY HEALTHCARE NHS TRUST
1718,RYY,KENT COMMUNITY HEALTH NHS FOUNDATION TRUST
1718,TAD,BRADFORD DISTRICT CARE NHS FOUNDATION TRUST
1718,TAJ,BLACK COUNTRY PARTNERSHIP NHS FOUNDATION TRUST
1819,8G3,NULL
1819,8HP,NULL
1819,8J2,NULL
1819,8JA,NULL
1819,AAH,NULL
1819,AAV,NULL
1819,ACG,NULL
1819,AD9,NULL
1819,ADP,NULL
1819,AH7,NULL
1819,AHH,NULL
1819,AJX,NULL
1819,AP2,NULL
1819,AQK,NULL
1819,AVQ,NULL
1819,AXG,NULL
1819,DC8,NULL
1819,DJQ,NULL
1819,DX1,NULL
1819,NAM,NULL
1819,NAX,NULL
1819,NDA,NULL
1819,NDJ,NULL
1819,NEH,NULL
1819,NEQ,NULL
1819,NEY,NULL
1819,NFH,NULL
1819,NGY,NULL
1819,NHW,NULL
1819,NKE,NULL
1819,NLE,NULL
1819,NLF,NULL
1819,NLO,NULL
1819,NLT,NULL
1819,NLX,NULL
1819,NN4,NULL
1819,NN5,NULL
1819,NN8,NULL
1819,NNE,NULL
1819,NNF,NULL
1819,NNH,NULL
1819,NNJ,NULL
1819,NPG,NULL
1819,NPR,NULL
1819,NQ1,NULL
1819,NQ7,NULL
1819,NQH,NULL
1819,NQM,NULL
1819,NQT,NULL
1819,NR3,NULL
1819,NR5,NULL
1819,NT2,NULL
1819,NT3,NULL
1819,NT4,NULL
1819,NTE,NULL
1819,NTP,NULL
1819,NTV,NULL
1819,NTX,NULL
1819,NV1,NULL
1819,NV3,NULL
1819,NVC,NULL
1819,NVG,NULL
1819,NVM,NULL
1819,NW6,NULL
1819,NWF,NULL
1819,NWV,NULL
1819,NWX,NULL
1819,NX1,NULL
1819,NX5,NULL
1819,NXM,NULL
1819,NXP,NULL
1819,NXX,NULL
1819,NY6,NULL
1819,NYG,NULL
1819,NYN,NULL
1819,NYW,NULL
1819,R0A,MANCHESTER UNIVERSITY NHS FOUNDATION TRUST
1819,R1A,WORCESTERSHIRE HEALTH AND CARE NHS TRUST
1819,R1C,SOLENT NHS TRUST
1819,R1D,SHROPSHIRE COMMUNITY HEALTH NHS TRUST
1819,R1F,ISLE OF WIGHT NHS TRUST
1819,R1H,BARTS HEALTH NHS TRUST
1819,R1J,GLOUCESTERSHIRE CARE SERVICES NHS TRUST
1819,R1K,LONDON NORTH WEST UNIVERSITY HEALTHCARE NHS TRUST
1819,R1L,ESSEX PARTNERSHIP UNIVERSITY NHS FOUNDATION TRUST
1819,RA2,ROYAL SURREY COUNTY HOSPITAL NHS FOUNDATION TRUST
1819,RA3,WESTON AREA HEALTH NHS TRUST
1819,RA4,YEOVIL DISTRICT HOSPITAL NHS FOUNDATION TRUST
1819,RA7,UNIVERSITY HOSPITALS BRISTOL NHS FOUNDATION TRUST
1819,RA9,TORBAY AND SOUTH DEVON NHS FOUNDATION TRUST
1819,RAE,BRADFORD TEACHING HOSPITALS NHS FOUNDATION TRUST
1819,RAJ,SOUTHEND UNIVERSITY HOSPITAL NHS FOUNDATION TRUST
1819,RAL,ROYAL FREE LONDON NHS FOUNDATION TRUST
1819,RAN,ROYAL NATIONAL ORTHOPAEDIC HOSPITAL NHS TRUST
1819,RAP,NORTH MIDDLESEX UNIVERSITY HOSPITAL NHS TRUST
1819,RAS,THE HILLINGDON HOSPITALS NHS FOUNDATION TRUST
1819,RAT,NORTH EAST LONDON NHS FOUNDATION TRUST
1819,RAX,KINGSTON HOSPITAL NHS FOUNDATION TRUST
1819,RBA,TAUNTON AND SOMERSET NHS FOUNDATION TRUST
1819,RBD,DORSET COUNTY HOSPITAL NHS FOUNDATION TRUST
1819,RBK,WALSALL HEALTHCARE NHS TRUST
1819,RBL,WIRRAL UNIVERSITY TEACHING HOSPITAL NHS FOUNDATION TRUST
1819,RBN,ST HELENS AND KNOWSLEY HOSPITAL SERVICES NHS TRUST
1819,RBQ,LIVERPOOL HEART AND CHEST HOSPITAL NHS FOUNDATION TRUST
1819,RBS,ALDER HEY CHILDREN'S NHS FOUNDATION TRUST
1819,RBT,MID CHESHIRE HOSPITALS NHS FOUNDATION TRUST
1819,RBV,THE CHRISTIE NHS FOUNDATION TRUST
1819,RBZ,NORTHERN DEVON HEALTHCARE NHS TRUST
1819,RC1,BEDFORD HOSPITAL NHS TRUST
1819,RC9,LUTON AND DUNSTABLE UNIVERSITY HOSPITAL NHS FOUNDATION TRUST
1819,RCB,YORK TEACHING HOSPITAL NHS FOUNDATION TRUST
1819,RCD,HARROGATE AND DISTRICT NHS FOUNDATION TRUST
1819,RCF,AIREDALE NHS FOUNDATION TRUST
1819,RCU,SHEFFIELD CHILDREN'S NHS FOUNDATION TRUST
1819,RCX,"THE QUEEN ELIZABETH HOSPITAL, KING'S LYNN, NHS FOUNDATION TRUST"
1819,RD1,ROYAL UNITED HOSPITALS BATH NHS FOUNDATION TRUST
1819,RD3,POOLE HOSPITAL NHS FOUNDATION TRUST
1819,RD8,MILTON KEYNES UNIVERSITY HOSPITAL NHS FOUNDATION TRUST
1819,RDD,BASILDON AND THURROCK UNIVERSITY HOSPITALS NHS FOUNDATION TRUST
1819,RDE,EAST SUFFOLK AND NORTH ESSEX NHS FOUNDATION TRUST
1819,RDR,SUSSEX COMMUNITY NHS FOUNDATION TRUST
1819,RDU,FRIMLEY HEALTH NHS FOUNDATION TRUST
1819,RDY,DORSET HEALTHCARE UNIVERSITY NHS FOUNDATION TRUST
1819,RDZ,THE ROYAL BOURNEMOUTH AND CHRISTCHURCH HOSPITALS NHS FOUNDATION TRUST
1819,RE9,SOUTH TYNESIDE NHS FOUNDATION TRUST
1819,REF,ROYAL CORNWALL HOSPITALS NHS TRUST
1819,REM,AINTREE UNIVERSITY HOSPITAL NHS FOUNDATION TRUST
1819,REN,THE CLATTERBRIDGE CANCER CENTRE NHS FOUNDATION TRUST
1819,REP,LIVERPOOL WOMEN'S NHS FOUNDATION TRUST
1819,RET,THE WALTON CENTRE NHS FOUNDATION TRUST
1819,RF4,"BARKING, HAVERING AND REDBRIDGE UNIVERSITY HOSPITALS NHS TRUST"
1819,RFF,BARNSLEY HOSPITAL NHS FOUNDATION TRUST
1819,RFR,THE ROTHERHAM NHS FOUNDATION TRUST
1819,RFS,CHESTERFIELD ROYAL HOSPITAL NHS FOUNDATION TRUST
1819,RGD,LEEDS AND YORK PARTNERSHIP NHS FOUNDATION TRUST
1819,RGM,ROYAL PAPWORTH HOSPITAL NHS FOUNDATION TRUST
1819,RGN,NORTH WEST ANGLIA NHS FOUNDATION TRUST
1819,RGP,JAMES PAGET UNIVERSITY HOSPITALS NHS FOUNDATION TRUST
1819,RGR,WEST SUFFOLK NHS FOUNDATION TRUST
1819,RGT,CAMBRIDGE UNIVERSITY HOSPITALS NHS FOUNDATION TRUST
1819,RH5,SOMERSET PARTNERSHIP NHS FOUNDATION TRUST
1819,RH8,ROYAL DEVON AND EXETER NHS FOUNDATION TRUST
1819,RHA,NOTTINGHAMSHIRE HEALTHCARE NHS FOUNDATION TRUST
1819,RHM,UNIVERSITY HOSPITAL SOUTHAMPTON NHS FOUNDATION TRUST
1819,RHQ,SHEFFIELD TEACHING HOSPITALS NHS FOUNDATION TRUST
1819,RHU,PORTSMOUTH HOSPITALS NHS TRUST
1819,RHW,ROYAL BERKSHIRE NHS FOUNDATION TRUST
1819,RJ1,GUY'S AND ST THOMAS' NHS FOUNDATION TRUST
1819,RJ2,LEWISHAM AND GREENWICH NHS TRUST
1819,RJ6,CROYDON HEALTH SERVICES NHS TRUST
1819,RJ7,ST GEORGE'S UNIVERSITY HOSPITALS NHS FOUNDATION TRUST
1819,RJ8,CORNWALL PARTNERSHIP NHS FOUNDATION TRUST
1819,RJC,SOUTH WARWICKSHIRE NHS FOUNDATION TRUST
1819,RJE,UNIVERSITY HOSPITALS OF NORTH MIDLANDS NHS TRUST
1819,RJL,NORTHERN LINCOLNSHIRE AND GOOLE NHS FOUNDATION TRUST
1819,RJN,EAST CHESHIRE NHS TRUST
1819,RJR,COUNTESS OF CHESTER HOSPITAL NHS FOUNDATION TRUST
1819,RJZ,KING'S COLLEGE HOSPITAL NHS FOUNDATION TRUST
1819,RK5,SHERWOOD FOREST HOSPITALS NHS FOUNDATION TRUST
1819,RK9,UNIVERSITY HOSPITALS PLYMOUTH NHS TRUST
1819,RKB,UNIVERSITY HOSPITALS COVENTRY AND WARWICKSHIRE NHS TRUST
1819,RKE,WHITTINGTON HEALTH NHS TRUST
1819,RL1,THE ROBERT JONES AND AGNES HUNT ORTHOPAEDIC HOSPITAL NHS FOUNDATION TRUST
1819,RL4,THE ROYAL WOLVERHAMPTON NHS TRUST
1819,RLN,CITY HOSPITALS SUNDERLAND NHS FOUNDATION TRUST
1819,RLQ,WYE VALLEY NHS TRUST
1819,RLT,GEORGE ELIOT HOSPITAL NHS TRUST
1819,RLY,NORTH STAFFORDSHIRE COMBINED HEALTHCARE NHS TRUST
1819,RM1,NORFOLK AND NORWICH UNIVERSITY HOSPITALS NHS FOUNDATION TRUST
1819,RM3,SALFORD ROYAL NHS FOUNDATION TRUST
1819,RMC,BOLTON NHS FOUNDATION TRUST
1819,RMP,TAMESIDE AND GLOSSOP INTEGRATED CARE NHS FOUNDATION TRUST
1819,RMY,NORFOLK AND SUFFOLK NHS FOUNDATION TRUST
1819,RN3,GREAT WESTERN HOSPITALS NHS FOUNDATION TRUST
1819,RN5,HAMPSHIRE HOSPITALS NHS FOUNDATION TRUST
1819,RN7,DARTFORD AND GRAVESHAM NHS TRUST
1819,RNA,THE DUDLEY GROUP NHS FOUNDATION TRUST
1819,RNL,NORTH CUMBRIA UNIVERSITY HOSPITALS NHS TRUST
1819,RNN,CUMBRIA PARTNERSHIP NHS FOUNDATION TRUST
1819,RNQ,KETTERING GENERAL HOSPITAL NHS FOUNDATION TRUST
1819,RNS,NORTHAMPTON GENERAL HOSPITAL NHS TRUST
1819,RNU,OXFORD HEALTH NHS FOUNDATION TRUST
1819,RNZ,SALISBURY NHS FOUNDATION TRUST
1819,RP1,NORTHAMPTONSHIRE HEALTHCARE NHS FOUNDATION TRUST
1819,RP4,GREAT ORMOND STREET HOSPITAL FOR CHILDREN NHS FOUNDATION TRUST
1819,RP5,DONCASTER AND BASSETLAW TEACHING HOSPITALS NHS FOUNDATION TRUST
1819,RP6,MOORFIELDS EYE HOSPITAL NHS FOUNDATION TRUST
1819,RP7,LINCOLNSHIRE PARTNERSHIP NHS FOUNDATION TRUST
1819,RPA,MEDWAY NHS FOUNDATION TRUST
1819,RPC,QUEEN VICTORIA HOSPITAL NHS FOUNDATION TRUST
1819,RPG,OXLEAS NHS FOUNDATION TRUST
1819,RPY,THE ROYAL MARSDEN NHS FOUNDATION TRUST
1819,RQ3,BIRMINGHAM WOMEN'S AND CHILDREN'S NHS FOUNDATION TRUST
1819,RQ6,ROYAL LIVERPOOL AND BROADGREEN UNIVERSITY HOSPITALS NHS TRUST
1819,RQ8,MID ESSEX HOSPITAL SERVICES NHS TRUST
1819,RQM,CHELSEA AND WESTMINSTER HOSPITAL NHS FOUNDATION TRUST
1819,RQW,THE PRINCESS ALEXANDRA HOSPITAL NHS TRUST
1819,RQX,HOMERTON UNIVERSITY HOSPITAL NHS FOUNDATION TRUST
1819,RQY,SOUTH WEST LONDON AND ST GEORGE'S MENTAL HEALTH NHS TRUST
1819,RR7,GATESHEAD HEALTH NHS FOUNDATION TRUST
1819,RR8,LEEDS TEACHING HOSPITALS NHS TRUST
1819,RRE,MIDLANDS PARTNERSHIP NHS FOUNDATION TRUST
1819,RRF,"WRIGHTINGTON, WIGAN AND LEIGH NHS FOUNDATION TRUST"
1819,RRJ,THE ROYAL ORTHOPAEDIC HOSPITAL NHS FOUNDATION TRUST
1819,RRK,UNIVERSITY HOSPITALS BIRMINGHAM NHS FOUNDATION TRUST
1819,RRV,UNIVERSITY COLLEGE LONDON HOSPITALS NHS FOUNDATION TRUST
1819,RT1,CAMBRIDGESHIRE AND PETERBOROUGH NHS FOUNDATION TRUST
1819,RT3,ROYAL BROMPTON & HAREFIELD NHS FOUNDATION TRUST
1819,RT5,LEICESTERSHIRE PARTNERSHIP NHS TRUST
1819,RTD,THE NEWCASTLE UPON TYNE HOSPITALS NHS FOUNDATION TRUST
1819,RTE,GLOUCESTERSHIRE HOSPITALS NHS FOUNDATION TRUST
1819,RTF,NORTHUMBRIA HEALTHCARE NHS FOUNDATION TRUST
1819,RTG,UNIVERSITY HOSPITALS OF DERBY AND BURTON NHS FOUNDATION TRUST
1819,RTH,OXFORD UNIVERSITY HOSPITALS NHS FOUNDATION TRUST
1819,RTK,ASHFORD AND ST PETER'S HOSPITALS NHS FOUNDATION TRUST
1819,RTP,SURREY AND SUSSEX HEALTHCARE NHS TRUST
1819,RTQ,2GETHER NHS FOUNDATION TRUST
1819,RTR,SOUTH TEES HOSPITALS NHS FOUNDATION TRUST
1819,RTV,NORTH WEST BOROUGHS HEALTHCARE NHS FOUNDATION TRUST
1819,RTX,UNIVERSITY HOSPITALS OF MORECAMBE BAY NHS FOUNDATION TRUST
1819,RV3,CENTRAL AND NORTH WEST LONDON NHS FOUNDATION TRUST
1819,RV5,SOUTH LONDON AND MAUDSLEY NHS FOUNDATION TRUST
1819,RV9,HUMBER TEACHING NHS FOUNDATION TRUST
1819,RVJ,NORTH BRISTOL NHS TRUST
1819,RVN,AVON AND WILTSHIRE MENTAL HEALTH PARTNERSHIP NHS TRUST
1819,RVR,EPSOM AND ST HELIER UNIVERSITY HOSPITALS NHS TRUST
1819,RVV,EAST KENT HOSPITALS UNIVERSITY NHS FOUNDATION TRUST
1819,RVW,NORTH TEES AND HARTLEPOOL NHS FOUNDATION TRUST
1819,RVY,SOUTHPORT AND ORMSKIRK HOSPITAL NHS TRUST
1819,RW1,SOUTHERN HEALTH NHS FOUNDATION TRUST
1819,RW4,MERSEY CARE NHS FOUNDATION TRUST
1819,RW5,LANCASHIRE CARE NHS FOUNDATION TRUST
1819,RW6,PENNINE ACUTE HOSPITALS NHS TRUST
1819,RWA,HULL AND EAST YORKSHIRE HOSPITALS NHS TRUST
1819,RWD,UNITED LINCOLNSHIRE HOSPITALS NHS TRUST
1819,RWE,UNIVERSITY HOSPITALS OF LEICESTER NHS TRUST
1819,RWF,MAIDSTONE AND TUNBRIDGE WELLS NHS TRUST
1819,RWG,WEST HERTFORDSHIRE HOSPITALS NHS TRUST
1819,RWH,EAST AND NORTH HERTFORDSHIRE NHS TRUST
1819,RWJ,STOCKPORT NHS FOUNDATION TRUST
1819,RWK,EAST LONDON NHS FOUNDATION TRUST
1819,RWP,WORCESTERSHIRE ACUTE HOSPITALS NHS TRUST
1819,RWR,HERTFORDSHIRE PARTNERSHIP UNIVERSITY NHS FOUNDATION TRUST
1819,RWV,DEVON PARTNERSHIP NHS TRUST
1819,RWW,WARRINGTON AND HALTON HOSPITALS NHS FOUNDATION TRUST
1819,RWX,BERKSHIRE HEALTHCARE NHS FOUNDATION TRUST
1819,RWY,CALDERDALE AND HUDDERSFIELD NHS FOUNDATION TRUST
1819,RX1,NOTTINGHAM UNIVERSITY HOSPITALS NHS TRUST
1819,RX2,SUSSEX PARTNERSHIP NHS FOUNDATION TRUST
1819,RX3,"TEES, ESK AND WEAR VALLEYS NHS FOUNDATION TRUST"
1819,RX4,"NORTHUMBERLAND, TYNE AND WEAR NHS FOUNDATION TRUST"
1819,RXA,CHESHIRE AND WIRRAL PARTNERSHIP NHS FOUNDATION TRUST
1819,RXC,EAST SUSSEX HEALTHCARE NHS TRUST
1819,RXE,ROTHERHAM DONCASTER AND SOUTH HUMBER NHS FOUNDATION TRUST
1819,RXF,MID YORKSHIRE HOSPITALS NHS TRUST
1819,RXG,SOUTH WEST YORKSHIRE PARTNERSHIP NHS FOUNDATION TRUST
1819,RXH,BRIGHTON AND SUSSEX UNIVERSITY HOSPITALS NHS TRUST
1819,RXK,SANDWELL AND WEST BIRMINGHAM HOSPITALS NHS TRUST
1819,RXL,BLACKPOOL TEACHING HOSPITALS NHS FOUNDATION TRUST
1819,RXM,DERBYSHIRE HEALTHCARE NHS FOUNDATION TRUST
1819,RXN,LANCASHIRE TEACHING HOSPITALS NHS FOUNDATION TRUST
1819,RXP,COUNTY DURHAM AND DARLINGTON NHS FOUNDATION TRUST
1819,RXQ,BUCKINGHAMSHIRE HEALTHCARE NHS TRUST
1819,RXR,EAST LANCASHIRE HOSPITALS NHS TRUST
1819,RXT,BIRMINGHAM AND SOLIHULL MENTAL HEALTH NHS FOUNDATION TRUST
1819,RXW,SHREWSBURY AND TELFORD HOSPITAL NHS TRUST
1819,RXX,SURREY AND BORDERS PARTNERSHIP NHS FOUNDATION TRUST
1819,RXY,KENT AND MEDWAY NHS AND SOCIAL CARE PARTNERSHIP TRUST
1819,RY2,BRIDGEWATER COMMUNITY HEALTHCARE NHS FOUNDATION TRUST
1819,RY3,NORFOLK COMMUNITY HEALTH AND CARE NHS TRUST
1819,RY4,HERTFORDSHIRE COMMUNITY NHS TRUST
1819,RY5,LINCOLNSHIRE COMMUNITY HEALTH SERVICES NHS TRUST
1819,RY6,LEEDS COMMUNITY HEALTHCARE NHS TRUST
1819,RY7,WIRRAL COMMUNITY NHS FOUNDATION TRUST
1819,RY8,DERBYSHIRE COMMUNITY HEALTH SERVICES NHS FOUNDATION TRUST
1819,RY9,HOUNSLOW AND RICHMOND COMMUNITY HEALTHCARE NHS TRUST
1819,RYF,SOUTH WESTERN AMBULANCE SERVICE NHS FOUNDATION TRUST
1819,RYG,COVENTRY AND WARWICKSHIRE PARTNERSHIP NHS TRUST
1819,RYJ,IMPERIAL COLLEGE HEALTHCARE NHS TRUST
1819,RYR,WESTERN SUSSEX HOSPITALS NHS FOUNDATION TRUST
1819,RYV,CAMBRIDGESHIRE COMMUNITY SERVICES NHS TRUST
1819,RYW,BIRMINGHAM COMMUNITY HEALTHCARE NHS FOUNDATION TRUST
1819,RYX,CENTRAL LONDON COMMUNITY HEALTHCARE NHS TRUST
1819,RYY,KENT COMMUNITY HEALTH NHS FOUNDATION TRUST
1819,TAD,BRADFORD DISTRICT CARE NHS FOUNDATION TRUST
1819,TAJ,BLACK COUNTRY PARTNERSHIP NHS FOUNDATION TRUST
1920,8HP,NULL
1920,8J2,NULL
1920,8JA,NULL
1920,AAH,NULL
1920,AAV,NULL
1920,ACG,NULL
1920,ACM,NULL
1920,AD9,NULL
1920,ADP,NULL
1920,AJX,NULL
1920,AP2,NULL
1920,AQK,NULL
1920,AQN,NULL
1920,AVQ,NULL
1920,AXA,NULL
1920,AXG,NULL
1920,AXT,NULL
1920,DC8,NULL
1920,DJN,NULL
1920,DJQ,NULL
1920,DX1,NULL
1920,NAM,NULL
1920,NAX,NULL
1920,NCR,NULL
1920,NDA,NULL
1920,NEQ,NULL
1920,NEY,NULL
1920,NFH,NULL
1920,NGY,NULL
1920,NHW,NULL
1920,NJS,NULL
1920,NKE,NULL
1920,NLE,NULL
1920,NLF,NULL
1920,NLO,NULL
1920,NLX,NULL
1920,NMG,NULL
1920,NN4,NULL
1920,NN5,NULL
1920,NN8,NULL
1920,NNE,NULL
1920,NNF,NULL
1920,NNH,NULL
1920,NPG,NULL
1920,NPR,NULL
1920,NQ1,NULL
1920,NQ7,NULL
1920,NQH,NULL
1920,NQM,NULL
1920,NQT,NULL
1920,NR3,NULL
1920,NR5,NULL
1920,NT2,NULL
1920,NT3,NULL
1920,NT4,NULL
1920,NTE,NULL
1920,NTP,NULL
1920,NTV,NULL
1920,NTX,NULL
1920,NV1,NULL
1920,NV3,NULL
1920,NVC,NULL
1920,NVG,NULL
1920,NVM,NULL
1920,NW6,NULL
1920,NWF,NULL
1920,NWV,NULL
1920,NWX,NULL
1920,NX1,NULL
1920,NX5,NULL
1920,NXM,NULL
1920,NXP,NULL
1920,NXX,NULL
1920,NY6,NULL
1920,NYG,NULL
1920,NYN,NULL
1920,NYW,NULL
1920,R0A,MANCHESTER UNIVERSITY NHS FOUNDATION TRUST
1920,R0B,SOUTH TYNESIDE AND SUNDERLAND NHS FOUNDATION TRUST
1920,R1A,WORCESTERSHIRE HEALTH AND CARE NHS TRUST
1920,R1C,SOLENT NHS TRUST
1920,R1D,SHROPSHIRE COMMUNITY HEALTH NHS TRUST
1920,R1F,ISLE OF WIGHT NHS TRUST
1920,R1H,BARTS HEALTH NHS TRUST
1920,R1K,LONDON NORTH WEST UNIVERSITY HEALTHCARE NHS TRUST
1920,R1L,ESSEX PARTNERSHIP UNIVERSITY NHS FOUNDATION TRUST
1920,RA2,ROYAL SURREY COUNTY HOSPITAL NHS FOUNDATION TRUST
1920,RA3,WESTON AREA HEALTH NHS TRUST
1920,RA4,YEOVIL DISTRICT HOSPITAL NHS FOUNDATION TRUST
1920,RA7,UNIVERSITY HOSPITALS BRISTOL NHS FOUNDATION TRUST
1920,RA9,TORBAY AND SOUTH DEVON NHS FOUNDATION TRUST
1920,RAE,BRADFORD TEACHING HOSPITALS NHS FOUNDATION TRUST
1920,RAJ,SOUTHEND UNIVERSITY HOSPITAL NHS FOUNDATION TRUST
1920,RAL,ROYAL FREE LONDON NHS FOUNDATION TRUST
1920,RAN,ROYAL NATIONAL ORTHOPAEDIC HOSPITAL NHS TRUST
1920,RAP,NORTH MIDDLESEX UNIVERSITY HOSPITAL NHS TRUST
1920,RAS,THE HILLINGDON HOSPITALS NHS FOUNDATION TRUST
1920,RAT,NORTH EAST LONDON NHS FOUNDATION TRUST
1920,RAX,KINGSTON HOSPITAL NHS FOUNDATION TRUST
1920,RBA,TAUNTON AND SOMERSET NHS FOUNDATION TRUST
1920,RBD,DORSET COUNTY HOSPITAL NHS FOUNDATION TRUST
1920,RBK,WALSALL HEALTHCARE NHS TRUST
1920,RBL,WIRRAL UNIVERSITY TEACHING HOSPITAL NHS FOUNDATION TRUST
1920,RBN,ST HELENS AND KNOWSLEY TEACHING HOSPITALS NHS TRUST
1920,RBQ,LIVERPOOL HEART AND CHEST HOSPITAL NHS FOUNDATION TRUST
1920,RBS,ALDER HEY CHILDREN'S NHS FOUNDATION TRUST
1920,RBT,MID CHESHIRE HOSPITALS NHS FOUNDATION TRUST
1920,RBV,THE CHRISTIE NHS FOUNDATION TRUST
1920,RBZ,NORTHERN DEVON HEALTHCARE NHS TRUST
1920,RC1,BEDFORD HOSPITAL NHS TRUST
1920,RC9,LUTON AND DUNSTABLE UNIVERSITY HOSPITAL NHS FOUNDATION TRUST
1920,RCB,YORK TEACHING HOSPITAL NHS FOUNDATION TRUST
1920,RCD,HARROGATE AND DISTRICT NHS FOUNDATION TRUST
1920,RCF,AIREDALE NHS FOUNDATION TRUST
1920,RCU,SHEFFIELD CHILDREN'S NHS FOUNDATION TRUST
1920,RCX,"THE QUEEN ELIZABETH HOSPITAL, KING'S LYNN, NHS FOUNDATION TRUST"
1920,RD1,ROYAL UNITED HOSPITALS BATH NHS FOUNDATION TRUST
1920,RD3,POOLE HOSPITAL NHS FOUNDATION TRUST
1920,RD8,MILTON KEYNES UNIVERSITY HOSPITAL NHS FOUNDATION TRUST
1920,RDD,BASILDON AND THURROCK UNIVERSITY HOSPITALS NHS FOUNDATION TRUST
1920,RDE,EAST SUFFOLK AND NORTH ESSEX NHS FOUNDATION TRUST
1920,RDR,SUSSEX COMMUNITY NHS FOUNDATION TRUST
1920,RDU,FRIMLEY HEALTH NHS FOUNDATION TRUST
1920,RDY,DORSET HEALTHCARE UNIVERSITY NHS FOUNDATION TRUST
1920,RDZ,THE ROYAL BOURNEMOUTH AND CHRISTCHURCH HOSPITALS NHS FOUNDATION TRUST
1920,REF,ROYAL CORNWALL HOSPITALS NHS TRUST
1920,REM,LIVERPOOL UNIVERSITY HOSPITALS NHS FOUNDATION TRUST
1920,REN,THE CLATTERBRIDGE CANCER CENTRE NHS FOUNDATION TRUST
1920,REP,LIVERPOOL WOMEN'S NHS FOUNDATION TRUST
1920,RET,THE WALTON CENTRE NHS FOUNDATION TRUST
1920,RF4,"BARKING, HAVERING AND REDBRIDGE UNIVERSITY HOSPITALS NHS TRUST"
1920,RFF,BARNSLEY HOSPITAL NHS FOUNDATION TRUST
1920,RFR,THE ROTHERHAM NHS FOUNDATION TRUST
1920,RFS,CHESTERFIELD ROYAL HOSPITAL NHS FOUNDATION TRUST
1920,RGD,LEEDS AND YORK PARTNERSHIP NHS FOUNDATION TRUST
1920,RGM,ROYAL PAPWORTH HOSPITAL NHS FOUNDATION TRUST
1920,RGN,NORTH WEST ANGLIA NHS FOUNDATION TRUST
1920,RGP,JAMES PAGET UNIVERSITY HOSPITALS NHS FOUNDATION TRUST
1920,RGR,WEST SUFFOLK NHS FOUNDATION TRUST
1920,RGT,CAMBRIDGE UNIVERSITY HOSPITALS NHS FOUNDATION TRUST
1920,RH5,SOMERSET PARTNERSHIP NHS FOUNDATION TRUST
1920,RH8,ROYAL DEVON AND EXETER NHS FOUNDATION TRUST
1920,RHA,NOTTINGHAMSHIRE HEALTHCARE NHS FOUNDATION TRUST
1920,RHM,UNIVERSITY HOSPITAL SOUTHAMPTON NHS FOUNDATION TRUST
1920,RHQ,SHEFFIELD TEACHING HOSPITALS NHS FOUNDATION TRUST
1920,RHU,PORTSMOUTH HOSPITALS NHS TRUST
1920,RHW,ROYAL BERKSHIRE NHS FOUNDATION TRUST
1920,RJ1,GUY'S AND ST THOMAS' NHS FOUNDATION TRUST
1920,RJ2,LEWISHAM AND GREENWICH NHS TRUST
1920,RJ6,CROYDON HEALTH SERVICES NHS TRUST
1920,RJ7,ST GEORGE'S UNIVERSITY HOSPITALS NHS FOUNDATION TRUST
1920,RJ8,CORNWALL PARTNERSHIP NHS FOUNDATION TRUST
1920,RJC,SOUTH WARWICKSHIRE NHS FOUNDATION TRUST
1920,RJE,UNIVERSITY HOSPITALS OF NORTH MIDLANDS NHS TRUST
1920,RJL,NORTHERN LINCOLNSHIRE AND GOOLE NHS FOUNDATION TRUST
1920,RJN,EAST CHESHIRE NHS TRUST
1920,RJR,COUNTESS OF CHESTER HOSPITAL NHS FOUNDATION TRUST
1920,RJZ,KING'S COLLEGE HOSPITAL NHS FOUNDATION TRUST
1920,RK5,SHERWOOD FOREST HOSPITALS NHS FOUNDATION TRUST
1920,RK9,UNIVERSITY HOSPITALS PLYMOUTH NHS TRUST
1920,RKB,UNIVERSITY HOSPITALS COVENTRY AND WARWICKSHIRE NHS TRUST
1920,RKE,WHITTINGTON HEALTH NHS TRUST
1920,RL1,THE ROBERT JONES AND AGNES HUNT ORTHOPAEDIC HOSPITAL NHS FOUNDATION TRUST
1920,RL4,THE ROYAL WOLVERHAMPTON NHS TRUST
1920,RLQ,WYE VALLEY NHS TRUST
1920,RLT,GEORGE ELIOT HOSPITAL NHS TRUST
1920,RLY,NORTH STAFFORDSHIRE COMBINED HEALTHCARE NHS TRUST
1920,RM1,NORFOLK AND NORWICH UNIVERSITY HOSPITALS NHS FOUNDATION TRUST
1920,RM3,SALFORD ROYAL NHS FOUNDATION TRUST
1920,RMC,BOLTON NHS FOUNDATION TRUST
1920,RMP,TAMESIDE AND GLOSSOP INTEGRATED CARE NHS FOUNDATION TRUST
1920,RMY,NORFOLK AND SUFFOLK NHS FOUNDATION TRUST
1920,RN3,GREAT WESTERN HOSPITALS NHS FOUNDATION TRUST
1920,RN5,HAMPSHIRE HOSPITALS NHS FOUNDATION TRUST
1920,RN7,DARTFORD AND GRAVESHAM NHS TRUST
1920,RNA,THE DUDLEY GROUP NHS FOUNDATION TRUST
1920,RNN,NORTH CUMBRIA INTEGRATED CARE NHS FOUNDATION TRUST
1920,RNQ,KETTERING GENERAL HOSPITAL NHS FOUNDATION TRUST
1920,RNS,NORTHAMPTON GENERAL HOSPITAL NHS TRUST
1920,RNU,OXFORD HEALTH NHS FOUNDATION TRUST
1920,RNZ,SALISBURY NHS FOUNDATION TRUST
1920,RP1,NORTHAMPTONSHIRE HEALTHCARE NHS FOUNDATION TRUST
1920,RP4,GREAT ORMOND STREET HOSPITAL FOR CHILDREN NHS FOUNDATION TRUST
1920,RP5,DONCASTER AND BASSETLAW TEACHING HOSPITALS NHS FOUNDATION TRUST
1920,RP6,MOORFIELDS EYE HOSPITAL NHS FOUNDATION TRUST
1920,RP7,LINCOLNSHIRE PARTNERSHIP NHS FOUNDATION TRUST
1920,RPA,MEDWAY NHS FOUNDATION TRUST
1920,RPC,QUEEN VICTORIA HOSPITAL NHS FOUNDATION TRUST
1920,RPG,OXLEAS NHS FOUNDATION TRUST
1920,RPY,THE ROYAL MARSDEN NHS FOUNDATION TRUST
1920,RQ3,BIRMINGHAM WOMEN'S AND CHILDREN'S NHS FOUNDATION TRUST
1920,RQ8,MID ESSEX HOSPITAL SERVICES NHS TRUST
1920,RQM,CHELSEA AND WESTMINSTER HOSPITAL NHS FOUNDATION TRUST
1920,RQW,THE PRINCESS ALEXANDRA HOSPITAL NHS TRUST
1920,RQX,HOMERTON UNIVERSITY HOSPITAL NHS FOUNDATION TRUST
1920,RQY,SOUTH WEST LONDON AND ST GEORGE'S MENTAL HEALTH NHS TRUST
1920,RR7,GATESHEAD HEALTH NHS FOUNDATION TRUST
1920,RR8,LEEDS TEACHING HOSPITALS NHS TRUST
1920,RRE,MIDLANDS PARTNERSHIP NHS FOUNDATION TRUST
1920,RRF,"WRIGHTINGTON, WIGAN AND LEIGH NHS FOUNDATION TRUST"
1920,RRJ,THE ROYAL ORTHOPAEDIC HOSPITAL NHS FOUNDATION TRUST
1920,RRK,UNIVERSITY HOSPITALS BIRMINGHAM NHS FOUNDATION TRUST
1920,RRV,UNIVERSITY COLLEGE LONDON HOSPITALS NHS FOUNDATION TRUST
1920,RT3,ROYAL BROMPTON & HAREFIELD NHS FOUNDATION TRUST
1920,RT5,LEICESTERSHIRE PARTNERSHIP NHS TRUST
1920,RTD,THE NEWCASTLE UPON TYNE HOSPITALS NHS FOUNDATION TRUST
1920,RTE,GLOUCESTERSHIRE HOSPITALS NHS FOUNDATION TRUST
1920,RTF,NORTHUMBRIA HEALTHCARE NHS FOUNDATION TRUST
1920,RTG,UNIVERSITY HOSPITALS OF DERBY AND BURTON NHS FOUNDATION TRUST
1920,RTH,OXFORD UNIVERSITY HOSPITALS NHS FOUNDATION TRUST
1920,RTK,ASHFORD AND ST PETER'S HOSPITALS NHS FOUNDATION TRUST
1920,RTP,SURREY AND SUSSEX HEALTHCARE NHS TRUST
1920,RTQ,GLOUCESTERSHIRE HEALTH AND CARE NHS FOUNDATION TRUST
1920,RTR,SOUTH TEES HOSPITALS NHS FOUNDATION TRUST
1920,RTV,NORTH WEST BOROUGHS HEALTHCARE NHS FOUNDATION TRUST
1920,RTX,UNIVERSITY HOSPITALS OF MORECAMBE BAY NHS FOUNDATION TRUST
1920,RV3,CENTRAL AND NORTH WEST LONDON NHS FOUNDATION TRUST
1920,RV9,HUMBER TEACHING NHS FOUNDATION TRUST
1920,RVJ,NORTH BRISTOL NHS TRUST
1920,RVN,AVON AND WILTSHIRE MENTAL HEALTH PARTNERSHIP NHS TRUST
1920,RVR,EPSOM AND ST HELIER UNIVERSITY HOSPITALS NHS TRUST
1920,RVV,EAST KENT HOSPITALS UNIVERSITY NHS FOUNDATION TRUST
1920,RVW,NORTH TEES AND HARTLEPOOL NHS FOUNDATION TRUST
1920,RVY,SOUTHPORT AND ORMSKIRK HOSPITAL NHS TRUST
1920,RW1,SOUTHERN HEALTH NHS FOUNDATION TRUST
1920,RW4,MERSEY CARE NHS FOUNDATION TRUST
1920,RW5,LANCASHIRE & SOUTH CUMBRIA NHS FOUNDATION TRUST
1920,RW6,PENNINE ACUTE HOSPITALS NHS TRUST
1920,RWA,HULL UNIVERSITY TEACHING HOSPITALS NHS TRUST
1920,RWD,UNITED LINCOLNSHIRE HOSPITALS NHS TRUST
1920,RWE,UNIVERSITY HOSPITALS OF LEICESTER NHS TRUST
1920,RWF,MAIDSTONE AND TUNBRIDGE WELLS NHS TRUST
1920,RWG,WEST HERTFORDSHIRE HOSPITALS NHS TRUST
1920,RWH,EAST AND NORTH HERTFORDSHIRE NHS TRUST
1920,RWJ,STOCKPORT NHS FOUNDATION TRUST
1920,RWK,EAST LONDON NHS FOUNDATION TRUST
1920,RWP,WORCESTERSHIRE ACUTE HOSPITALS NHS TRUST
1920,RWR,HERTFORDSHIRE PARTNERSHIP UNIVERSITY NHS FOUNDATION TRUST
1920,RWW,WARRINGTON AND HALTON TEACHING HOSPITALS NHS FOUNDATION TRUST
1920,RWX,BERKSHIRE HEALTHCARE NHS FOUNDATION TRUST
1920,RWY,CALDERDALE AND HUDDERSFIELD NHS FOUNDATION TRUST
1920,RX1,NOTTINGHAM UNIVERSITY HOSPITALS NHS TRUST
1920,RX2,SUSSEX PARTNERSHIP NHS FOUNDATION TRUST
1920,RX3,"TEES, ESK AND WEAR VALLEYS NHS FOUNDATION TRUST"
1920,RX4,"CUMBRIA, NORTHUMBERLAND, TYNE AND WEAR NHS FOUNDATION TRUST"
1920,RXA,CHESHIRE AND WIRRAL PARTNERSHIP NHS FOUNDATION TRUST
1920,RXC,EAST SUSSEX HEALTHCARE NHS TRUST
1920,RXE,ROTHERHAM DONCASTER AND SOUTH HUMBER NHS FOUNDATION TRUST
1920,RXF,MID YORKSHIRE HOSPITALS NHS TRUST
1920,RXG,SOUTH WEST YORKSHIRE PARTNERSHIP NHS FOUNDATION TRUST
1920,RXH,BRIGHTON AND SUSSEX UNIVERSITY HOSPITALS NHS TRUST
1920,RXK,SANDWELL AND WEST BIRMINGHAM HOSPITALS NHS TRUST
1920,RXL,BLACKPOOL TEACHING HOSPITALS NHS FOUNDATION TRUST
1920,RXM,DERBYSHIRE HEALTHCARE NHS FOUNDATION TRUST
1920,RXN,LANCASHIRE TEACHING HOSPITALS NHS FOUNDATION TRUST
1920,RXP,COUNTY DURHAM AND DARLINGTON NHS FOUNDATION TRUST
1920,RXQ,BUCKINGHAMSHIRE HEALTHCARE NHS TRUST
1920,RXR,EAST LANCASHIRE HOSPITALS NHS TRUST
1920,RXW,SHREWSBURY AND TELFORD HOSPITAL NHS TRUST
1920,RXX,SURREY AND BORDERS PARTNERSHIP NHS FOUNDATION TRUST
1920,RXY,KENT AND MEDWAY NHS AND SOCIAL CARE PARTNERSHIP TRUST
1920,RY2,BRIDGEWATER COMMUNITY HEALTHCARE NHS FOUNDATION TRUST
1920,RY3,NORFOLK COMMUNITY HEALTH AND CARE NHS TRUST
1920,RY4,HERTFORDSHIRE COMMUNITY NHS TRUST
1920,RY5,LINCOLNSHIRE COMMUNITY HEALTH SERVICES NHS TRUST
1920,RY6,LEEDS COMMUNITY HEALTHCARE NHS TRUST
1920,RY7,WIRRAL COMMUNITY HEALTH AND CARE NHS FOUNDATION TRUST
1920,RY8,DERBYSHIRE COMMUNITY HEALTH SERVICES NHS FOUNDATION TRUST
1920,RY9,HOUNSLOW AND RICHMOND COMMUNITY HEALTHCARE NHS TRUST
1920,RYF,SOUTH WESTERN AMBULANCE SERVICE NHS FOUNDATION TRUST
1920,RYG,COVENTRY AND WARWICKSHIRE PARTNERSHIP NHS TRUST
1920,RYJ,IMPERIAL COLLEGE HEALTHCARE NHS TRUST
1920,RYR,WESTERN SUSSEX HOSPITALS NHS FOUNDATION TRUST
1920,RYW,BIRMINGHAM COMMUNITY HEALTHCARE NHS FOUNDATION TRUST
1920,RYX,CENTRAL LONDON COMMUNITY HEALTHCARE NHS TRUST
1920,RYY,KENT COMMUNITY HEALTH NHS FOUNDATION TRUST
1920,TAD,BRADFORD DISTRICT CARE NHS FOUNDATION TRUST
2021,00T,NHS BOLTON CCG
2021,00Y,NHS OLDHAM CCG
2021,01G,NHS SALFORD CCG
2021,01T,NHS SOUTH SEFTON CCG
2021,02H,NHS WIGAN BOROUGH CCG
2021,15A,NHS BERKSHIRE WEST CCG
2021,15D,NHS EAST BERKSHIRE CCG
2021,15F,NHS LEEDS CCG
2021,8A7,NULL
2021,8HE,NULL
2021,8HP,NULL
2021,8JA,NULL
2021,AAH,NULL
2021,AAV,NULL
2021,ACG,NULL
2021,ACM,NULL
2021,AD9,NULL
2021,ADP,NULL
2021,AHR,NULL
2021,AP2,NULL
2021,AQK,NULL
2021,AQN,NULL
2021,AVQ,NULL
2021,AXA,NULL
2021,AXG,NULL
2021,AXT,NULL
2021,DC8,NULL
2021,DJN,NULL
2021,DJQ,NULL
2021,DLY,NULL
2021,DM8,NULL
2021,DTT,NULL
2021,DX1,NULL
2021,NAM,NULL
2021,NAX,NULL
2021,NCR,NULL
2021,NDA,NULL
2021,NEQ,NULL
2021,NEY,NULL
2021,NFH,NULL
2021,NHW,NULL
2021,NLE,NULL
2021,NLF,NULL
2021,NLO,NULL
2021,NMM,NULL
2021,NN4,NULL
2021,NN5,NULL
2021,NN8,NULL
2021,NNE,NULL
2021,NNF,NULL
2021,NNH,NULL
2021,NNV,NULL
2021,NPG,NULL
2021,NPR,NULL
2021,NQ1,NULL
2021,NQA,NULL
2021,NQH,NULL
2021,NQM,NULL
2021,NQT,NULL
2021,NR3,NULL
2021,NR5,NULL
2021,NT2,NULL
2021,NT3,NULL
2021,NT4,NULL
2021,NTE,NULL
2021,NTP,NULL
2021,NTV,NULL
2021,NTX,NULL
2021,NV1,NULL
2021,NV3,NULL
2021,NV7,NULL
2021,NVC,NULL
2021,NVG,NULL
2021,NVM,NULL
2021,NW6,NULL
2021,NWF,NULL
2021,NWV,NULL
2021,NWX,NULL
2021,NX1,NULL
2021,NX5,NULL
2021,NXM,NULL
2021,NXP,NULL
2021,NXX,NULL
2021,NY6,NULL
2021,NYG,NULL
2021,NYN,NULL
2021,NYW,NULL
2021,R0A,MANCHESTER UNIVERSITY NHS FOUNDATION TRUST
2021,R0B,SOUTH TYNESIDE AND SUNDERLAND NHS FOUNDATION TRUST
2021,R0D,UNIVERSITY HOSPITALS DORSET NHS FOUNDATION TRUST
2021,R1A,HEREFORDSHIRE AND WORCESTERSHIRE HEALTH AND CARE NHS TRUST
2021,R1C,SOLENT NHS TRUST
2021,R1D,SHROPSHIRE COMMUNITY HEALTH NHS TRUST
2021,R1F,ISLE OF WIGHT NHS TRUST
2021,R1H,BARTS HEALTH NHS TRUST
2021,R1K,LONDON NORTH WEST UNIVERSITY HEALTHCARE NHS TRUST
2021,R1L,ESSEX PARTNERSHIP UNIVERSITY NHS FOUNDATION TRUST
2021,RA2,ROYAL SURREY COUNTY HOSPITAL NHS FOUNDATION TRUST
2021,RA4,YEOVIL DISTRICT HOSPITAL NHS FOUNDATION TRUST
2021,RA7,UNIVERSITY HOSPITALS BRISTOL AND WESTON NHS FOUNDATION TRUST
2021,RA9,TORBAY AND SOUTH DEVON NHS FOUNDATION TRUST
2021,RAE,BRADFORD TEACHING HOSPITALS NHS FOUNDATION TRUST
2021,RAJ,MID AND SOUTH ESSEX NHS FOUNDATION TRUST
2021,RAL,ROYAL FREE LONDON NHS FOUNDATION TRUST
2021,RAN,ROYAL NATIONAL ORTHOPAEDIC HOSPITAL NHS TRUST
2021,RAP,NORTH MIDDLESEX UNIVERSITY HOSPITAL NHS TRUST
2021,RAS,THE HILLINGDON HOSPITALS NHS FOUNDATION TRUST
2021,RAT,NORTH EAST LONDON NHS FOUNDATION TRUST
2021,RAX,KINGSTON HOSPITAL NHS FOUNDATION TRUST
2021,RBD,DORSET COUNTY HOSPITAL NHS FOUNDATION TRUST
2021,RBK,WALSALL HEALTHCARE NHS TRUST
2021,RBL,WIRRAL UNIVERSITY TEACHING HOSPITAL NHS FOUNDATION TRUST
2021,RBN,ST HELENS AND KNOWSLEY TEACHING HOSPITALS NHS TRUST
2021,RBQ,LIVERPOOL HEART AND CHEST HOSPITAL NHS FOUNDATION TRUST
2021,RBS,ALDER HEY CHILDREN'S NHS FOUNDATION TRUST
2021,RBT,MID CHESHIRE HOSPITALS NHS FOUNDATION TRUST
2021,RBV,THE CHRISTIE NHS FOUNDATION TRUST
2021,RBZ,NORTHERN DEVON HEALTHCARE NHS TRUST
2021,RC9,BEDFORDSHIRE HOSPITALS NHS FOUNDATION TRUST
2021,RCB,YORK TEACHING HOSPITAL NHS FOUNDATION TRUST
2021,RCD,HARROGATE AND DISTRICT NHS FOUNDATION TRUST
2021,RCF,AIREDALE NHS FOUNDATION TRUST
2021,RCU,SHEFFIELD CHILDREN'S NHS FOUNDATION TRUST
2021,RCX,"THE QUEEN ELIZABETH HOSPITAL, KING'S LYNN, NHS FOUNDATION TRUST"
2021,RD1,ROYAL UNITED HOSPITALS BATH NHS FOUNDATION TRUST
2021,RD8,MILTON KEYNES UNIVERSITY HOSPITAL NHS FOUNDATION TRUST
2021,RDE,EAST SUFFOLK AND NORTH ESSEX NHS FOUNDATION TRUST
2021,RDR,SUSSEX COMMUNITY NHS FOUNDATION TRUST
2021,RDU,FRIMLEY HEALTH NHS FOUNDATION TRUST
2021,RDY,DORSET HEALTHCARE UNIVERSITY NHS FOUNDATION TRUST
2021,REF,ROYAL CORNWALL HOSPITALS NHS TRUST
2021,REM,LIVERPOOL UNIVERSITY HOSPITALS NHS FOUNDATION TRUST
2021,REN,THE CLATTERBRIDGE CANCER CENTRE NHS FOUNDATION TRUST
2021,REP,LIVERPOOL WOMEN'S NHS FOUNDATION TRUST
2021,RET,THE WALTON CENTRE NHS FOUNDATION TRUST
2021,RF4,"BARKING, HAVERING AND REDBRIDGE UNIVERSITY HOSPITALS NHS TRUST"
2021,RFF,BARNSLEY HOSPITAL NHS FOUNDATION TRUST
2021,RFR,THE ROTHERHAM NHS FOUNDATION TRUST
2021,RFS,CHESTERFIELD ROYAL HOSPITAL NHS FOUNDATION TRUST
2021,RGM,ROYAL PAPWORTH HOSPITAL NHS FOUNDATION TRUST
2021,RGN,NORTH WEST ANGLIA NHS FOUNDATION TRUST
2021,RGP,JAMES PAGET UNIVERSITY HOSPITALS NHS FOUNDATION TRUST
2021,RGR,WEST SUFFOLK NHS FOUNDATION TRUST
2021,RGT,CAMBRIDGE UNIVERSITY HOSPITALS NHS FOUNDATION TRUST
2021,RH5,SOMERSET NHS FOUNDATION TRUST
2021,RH8,ROYAL DEVON AND EXETER NHS FOUNDATION TRUST
2021,RHA,NOTTINGHAMSHIRE HEALTHCARE NHS FOUNDATION TRUST
2021,RHM,UNIVERSITY HOSPITAL SOUTHAMPTON NHS FOUNDATION TRUST
2021,RHQ,SHEFFIELD TEACHING HOSPITALS NHS FOUNDATION TRUST
2021,RHU,PORTSMOUTH HOSPITALS UNIVERSITY NATIONAL HEALTH SERVICE TRUST
2021,RHW,ROYAL BERKSHIRE NHS FOUNDATION TRUST
2021,RJ1,GUY'S AND ST THOMAS' NHS FOUNDATION TRUST
2021,RJ2,LEWISHAM AND GREENWICH NHS TRUST
2021,RJ6,CROYDON HEALTH SERVICES NHS TRUST
2021,RJ7,ST GEORGE'S UNIVERSITY HOSPITALS NHS FOUNDATION TRUST
2021,RJ8,CORNWALL PARTNERSHIP NHS FOUNDATION TRUST
2021,RJC,SOUTH WARWICKSHIRE NHS FOUNDATION TRUST
2021,RJE,UNIVERSITY HOSPITALS OF NORTH MIDLANDS NHS TRUST
2021,RJL,NORTHERN LINCOLNSHIRE AND GOOLE NHS FOUNDATION TRUST
2021,RJN,EAST CHESHIRE NHS TRUST
2021,RJR,COUNTESS OF CHESTER HOSPITAL NHS FOUNDATION TRUST
2021,RJZ,KING'S COLLEGE HOSPITAL NHS FOUNDATION TRUST
2021,RK5,SHERWOOD FOREST HOSPITALS NHS FOUNDATION TRUST
2021,RK9,UNIVERSITY HOSPITALS PLYMOUTH NHS TRUST
2021,RKB,UNIVERSITY HOSPITALS COVENTRY AND WARWICKSHIRE NHS TRUST
2021,RKE,WHITTINGTON HEALTH NHS TRUST
2021,RL1,THE ROBERT JONES AND AGNES HUNT ORTHOPAEDIC HOSPITAL NHS FOUNDATION TRUST
2021,RL4,THE ROYAL WOLVERHAMPTON NHS TRUST
2021,RLQ,WYE VALLEY NHS TRUST
2021,RLT,GEORGE ELIOT HOSPITAL NHS TRUST
2021,RLY,NORTH STAFFORDSHIRE COMBINED HEALTHCARE NHS TRUST
2021,RM1,NORFOLK AND NORWICH UNIVERSITY HOSPITALS NHS FOUNDATION TRUST
2021,RM3,SALFORD ROYAL NHS FOUNDATION TRUST
2021,RMC,BOLTON NHS FOUNDATION TRUST
2021,RMP,TAMESIDE AND GLOSSOP INTEGRATED CARE NHS FOUNDATION TRUST
2021,RN3,GREAT WESTERN HOSPITALS NHS FOUNDATION TRUST
2021,RN5,HAMPSHIRE HOSPITALS NHS FOUNDATION TRUST
2021,RN7,DARTFORD AND GRAVESHAM NHS TRUST
2021,RNA,THE DUDLEY GROUP NHS FOUNDATION TRUST
2021,RNN,NORTH CUMBRIA INTEGRATED CARE NHS FOUNDATION TRUST
2021,RNQ,KETTERING GENERAL HOSPITAL NHS FOUNDATION TRUST
2021,RNS,NORTHAMPTON GENERAL HOSPITAL NHS TRUST
2021,RNU,OXFORD HEALTH NHS FOUNDATION TRUST
2021,RNZ,SALISBURY NHS FOUNDATION TRUST
2021,RP1,NORTHAMPTONSHIRE HEALTHCARE NHS FOUNDATION TRUST
2021,RP4,GREAT ORMOND STREET HOSPITAL FOR CHILDREN NHS FOUNDATION TRUST
2021,RP5,DONCASTER AND BASSETLAW TEACHING HOSPITALS NHS FOUNDATION TRUST
2021,RP6,MOORFIELDS EYE HOSPITAL NHS FOUNDATION TRUST
2021,RPA,MEDWAY NHS FOUNDATION TRUST
2021,RPC,QUEEN VICTORIA HOSPITAL NHS FOUNDATION TRUST
2021,RPG,OXLEAS NHS FOUNDATION TRUST
2021,RPY,THE ROYAL MARSDEN NHS FOUNDATION TRUST
2021,RQ3,BIRMINGHAM WOMEN'S AND CHILDREN'S NHS FOUNDATION TRUST
2021,RQM,CHELSEA AND WESTMINSTER HOSPITAL NHS FOUNDATION TRUST
2021,RQW,THE PRINCESS ALEXANDRA HOSPITAL NHS TRUST
2021,RQX,HOMERTON UNIVERSITY HOSPITAL NHS FOUNDATION TRUST
2021,RQY,SOUTH WEST LONDON AND ST GEORGE'S MENTAL HEALTH NHS TRUST
2021,RR7,GATESHEAD HEALTH NHS FOUNDATION TRUST
2021,RR8,LEEDS TEACHING HOSPITALS NHS TRUST
2021,RRE,MIDLANDS PARTNERSHIP NHS FOUNDATION TRUST
2021,RRF,"WRIGHTINGTON, WIGAN AND LEIGH NHS FOUNDATION TRUST"
2021,RRJ,THE ROYAL ORTHOPAEDIC HOSPITAL NHS FOUNDATION TRUST
2021,RRK,UNIVERSITY HOSPITALS BIRMINGHAM NHS FOUNDATION TRUST
2021,RRV,UNIVERSITY COLLEGE LONDON HOSPITALS NHS FOUNDATION TRUST
2021,RT5,LEICESTERSHIRE PARTNERSHIP NHS TRUST
2021,RTD,THE NEWCASTLE UPON TYNE HOSPITALS NHS FOUNDATION TRUST
2021,RTE,GLOUCESTERSHIRE HOSPITALS NHS FOUNDATION TRUST
2021,RTF,NORTHUMBRIA HEALTHCARE NHS FOUNDATION TRUST
2021,RTG,UNIVERSITY HOSPITALS OF DERBY AND BURTON NHS FOUNDATION TRUST
2021,RTH,OXFORD UNIVERSITY HOSPITALS NHS FOUNDATION TRUST
2021,RTK,ASHFORD AND ST PETER'S HOSPITALS NHS FOUNDATION TRUST
2021,RTP,SURREY AND SUSSEX HEALTHCARE NHS TRUST
2021,RTQ,GLOUCESTERSHIRE HEALTH AND CARE NHS FOUNDATION TRUST
2021,RTR,SOUTH TEES HOSPITALS NHS FOUNDATION TRUST
2021,RTV,NORTH WEST BOROUGHS HEALTHCARE NHS FOUNDATION TRUST
2021,RTX,UNIVERSITY HOSPITALS OF MORECAMBE BAY NHS FOUNDATION TRUST
2021,RV3,CENTRAL AND NORTH WEST LONDON NHS FOUNDATION TRUST
2021,RV9,HUMBER TEACHING NHS FOUNDATION TRUST
2021,RVJ,NORTH BRISTOL NHS TRUST
2021,RVN,AVON AND WILTSHIRE MENTAL HEALTH PARTNERSHIP NHS TRUST
2021,RVR,EPSOM AND ST HELIER UNIVERSITY HOSPITALS NHS TRUST
2021,RVV,EAST KENT HOSPITALS UNIVERSITY NHS FOUNDATION TRUST
2021,RVW,NORTH TEES AND HARTLEPOOL NHS FOUNDATION TRUST
2021,RVY,SOUTHPORT AND ORMSKIRK HOSPITAL NHS TRUST
2021,RW1,SOUTHERN HEALTH NHS FOUNDATION TRUST
2021,RW4,MERSEY CARE NHS FOUNDATION TRUST
2021,RW5,LANCASHIRE & SOUTH CUMBRIA NHS FOUNDATION TRUST
2021,RW6,PENNINE ACUTE HOSPITALS NHS TRUST
2021,RWA,HULL UNIVERSITY TEACHING HOSPITALS NHS TRUST
2021,RWD,UNITED LINCOLNSHIRE HOSPITALS NHS TRUST
2021,RWE,UNIVERSITY HOSPITALS OF LEICESTER NHS TRUST
2021,RWF,MAIDSTONE AND TUNBRIDGE WELLS NHS TRUST
2021,RWG,WEST HERTFORDSHIRE HOSPITALS NHS TRUST
2021,RWH,EAST AND NORTH HERTFORDSHIRE NHS TRUST
2021,RWJ,STOCKPORT NHS FOUNDATION TRUST
2021,RWK,EAST LONDON NHS FOUNDATION TRUST
2021,RWP,WORCESTERSHIRE ACUTE HOSPITALS NHS TRUST
2021,RWR,HERTFORDSHIRE PARTNERSHIP UNIVERSITY NHS FOUNDATION TRUST
2021,RWW,WARRINGTON AND HALTON TEACHING HOSPITALS NHS FOUNDATION TRUST
2021,RWX,BERKSHIRE HEALTHCARE NHS FOUNDATION TRUST
2021,RWY,CALDERDALE AND HUDDERSFIELD NHS FOUNDATION TRUST
2021,RX1,NOTTINGHAM UNIVERSITY HOSPITALS NHS TRUST
2021,RX2,SUSSEX PARTNERSHIP NHS FOUNDATION TRUST
2021,RX4,"CUMBRIA, NORTHUMBERLAND, TYNE AND WEAR NHS FOUNDATION TRUST"
2021,RXA,CHESHIRE AND WIRRAL PARTNERSHIP NHS FOUNDATION TRUST
2021,RXC,EAST SUSSEX HEALTHCARE NHS TRUST
2021,RXE,ROTHERHAM DONCASTER AND SOUTH HUMBER NHS FOUNDATION TRUST
2021,RXF,MID YORKSHIRE HOSPITALS NHS TRUST
2021,RXG,SOUTH WEST YORKSHIRE PARTNERSHIP NHS FOUNDATION TRUST
2021,RXH,BRIGHTON AND SUSSEX UNIVERSITY HOSPITALS NHS TRUST
2021,RXK,SANDWELL AND WEST BIRMINGHAM HOSPITALS NHS TRUST
2021,RXL,BLACKPOOL TEACHING HOSPITALS NHS FOUNDATION TRUST
2021,RXM,DERBYSHIRE HEALTHCARE NHS FOUNDATION TRUST
2021,RXN,LANCASHIRE TEACHING HOSPITALS NHS FOUNDATION TRUST
2021,RXP,COUNTY DURHAM AND DARLINGTON NHS FOUNDATION TRUST
2021,RXQ,BUCKINGHAMSHIRE HEALTHCARE NHS TRUST
2021,RXR,EAST LANCASHIRE HOSPITALS NHS TRUST
2021,RXW,THE SHREWSBURY AND TELFORD HOSPITAL NHS TRUST
2021,RXX,SURREY AND BORDERS PARTNERSHIP NHS FOUNDATION TRUST
2021,RY2,BRIDGEWATER COMMUNITY HEALTHCARE NHS FOUNDATION TRUST
2021,RY3,NORFOLK COMMUNITY HEALTH AND CARE NHS TRUST
2021,RY4,HERTFORDSHIRE COMMUNITY NHS TRUST
2021,RY5,LINCOLNSHIRE COMMUNITY HEALTH SERVICES NHS TRUST
2021,RY6,LEEDS COMMUNITY HEALTHCARE NHS TRUST
2021,RY7,WIRRAL COMMUNITY HEALTH AND CARE NHS FOUNDATION TRUST
2021,RY8,DERBYSHIRE COMMUNITY HEALTH SERVICES NHS FOUNDATION TRUST
2021,RY9,HOUNSLOW AND RICHMOND COMMUNITY HEALTHCARE NHS TRUST
2021,RYG,COVENTRY AND WARWICKSHIRE PARTNERSHIP NHS TRUST
2021,RYJ,IMPERIAL COLLEGE HEALTHCARE NHS TRUST
2021,RYR,WESTERN SUSSEX HOSPITALS NHS FOUNDATION TRUST
2021,RYW,BIRMINGHAM COMMUNITY HEALTHCARE NHS FOUNDATION TRUST
2021,RYX,CENTRAL LONDON COMMUNITY HEALTHCARE NHS TRUST
2021,RYY,KENT COMMUNITY HEALTH NHS FOUNDATION TRUST
2021,TAD,BRADFORD DISTRICT CARE NHS FOUNDATION TRUST
2122,00L,NHS NORTHUMBERLAND CCG
2122,00N,NHS SOUTH TYNESIDE CCG
2122,00P,NHS SUNDERLAND CCG
2122,00T,NHS BOLTON CCG
2122,00V,NHS BURY CCG
2122,00X,NHS CHORLEY AND SOUTH RIBBLE CCG
2122,00Y,NHS OLDHAM CCG
2122,01A,NHS EAST LANCASHIRE CCG
2122,01D,"NHS HEYWOOD, MIDDLETON AND ROCHDALE CCG"
2122,01G,NHS SALFORD CCG
2122,01K,NHS MORECAMBE BAY CCG
2122,01T,NHS SOUTH SEFTON CCG
2122,01V,NHS SOUTHPORT AND FORMBY CCG
2122,01W,NHS STOCKPORT CCG
2122,01X,NHS ST HELENS CCG
2122,01Y,NHS TAMESIDE AND GLOSSOP CCG
2122,02A,NHS TRAFFORD CCG
2122,02E,NHS WARRINGTON CCG
2122,02G,NHS WEST LANCASHIRE CCG
2122,02H,NHS WIGAN BOROUGH CCG
2122,02M,NHS FYLDE AND WYRE CCG
2122,02P,NHS BARNSLEY CCG
2122,02Q,NHS BASSETLAW CCG
2122,02T,NHS CALDERDALE CCG
2122,02X,NHS DONCASTER CCG
2122,02Y,NHS EAST RIDING OF YORKSHIRE CCG
2122,03F,NHS HULL CCG
2122,03H,NHS NORTH EAST LINCOLNSHIRE CCG
2122,03K,NHS NORTH LINCOLNSHIRE CCG
2122,03L,NHS ROTHERHAM CCG
2122,03N,NHS SHEFFIELD CCG
2122,03Q,NHS VALE OF YORK CCG
2122,03R,NHS WAKEFIELD CCG
2122,03W,NHS EAST LEICESTERSHIRE AND RUTLAND CCG
2122,04C,NHS LEICESTER CITY CCG
2122,04V,NHS WEST LEICESTERSHIRE CCG
2122,05D,NHS EAST STAFFORDSHIRE CCG
2122,05G,NHS NORTH STAFFORDSHIRE CCG
2122,05Q,NHS SOUTH EAST STAFFORDSHIRE AND SEISDON PENINSULA CCG
2122,05W,NHS STOKE ON TRENT CCG
2122,06H,NHS CAMBRIDGESHIRE AND PETERBOROUGH CCG
2122,06L,NHS IPSWICH AND EAST SUFFOLK CCG
2122,06T,NHS NORTH EAST ESSEX CCG
2122,09D,NHS BRIGHTON AND HOVE CCG
2122,10R,NHS PORTSMOUTH CCG
2122,11N,NHS KERNOW CCG
2122,12F,NHS WIRRAL CCG
2122,13Q,NATIONAL COMMISSIONING HUB 1
2122,14L,NHS MANCHESTER CCG
2122,15A,NHS BERKSHIRE WEST CCG
2122,15E,NHS BIRMINGHAM AND SOLIHULL CCG
2122,15F,NHS LEEDS CCG
2122,15M,NHS DERBY AND DERBYSHIRE CCG
2122,16C,NHS TEES VALLEY CCG
2122,18C,NHS HEREFORDSHIRE AND WORCESTERSHIRE CCG
2122,27D,NHS CHESHIRE CCG
2122,36J,NHS BRADFORD DISTRICT AND CRAVEN CCG
2122,36L,NHS SOUTH WEST LONDON CCG
2122,42D,NHS NORTH YORKSHIRE CCG
2122,52R,NHS NOTTINGHAM AND NOTTINGHAMSHIRE CCG
2122,70F,NHS WEST SUSSEX CCG
2122,71E,NHS LINCOLNSHIRE CCG
2122,72Q,NHS SOUTH EAST LONDON CCG
2122,78H,NHS NORTHAMPTONSHIRE CCG
2122,84H,NHS COUNTY DURHAM CCG
2122,8A7,NULL
2122,8HP,NULL
2122,91Q,NHS KENT AND MEDWAY CCG
2122,92A,NHS SURREY HEARTLANDS CCG
2122,93C,NHS NORTH CENTRAL LONDON CCG
2122,97R,NHS EAST SUSSEX CCG
2122,99A,NHS LIVERPOOL CCG
2122,99C,NHS NORTH TYNESIDE CCG
2122,AAH,NULL
2122,AAV,NULL
2122,ACG,NULL
2122,ACM,NULL
2122,AD9,NULL
2122,ADP,NULL
2122,AHR,NULL
2122,AP2,NULL
2122,AQK,NULL
2122,AVQ,NULL
2122,AX0,NULL
2122,AXA,NULL
2122,AXG,NULL
2122,AXT,NULL
2122,B3W9N,NULL
2122,DC8,NULL
2122,DFQ,NULL
2122,DLY,NULL
2122,DM8,NULL
2122,DTT,NULL
2122,DX1,NULL
2122,DXC,NULL
2122,NAM,NULL
2122,NAX,NULL
2122,NCR,NULL
2122,NDA,NULL
2122,NEQ,NULL
2122,NEY,NULL
2122,NHW,NULL
2122,NLE,NULL
2122,NLF,NULL
2122,NLO,NULL
2122,NMG,NULL
2122,NMK,NULL
2122,NMM,NULL
2122,NN4,NULL
2122,NN5,NULL
2122,NN8,NULL
2122,NNE,NULL
2122,NNF,NULL
2122,NNH,NULL
2122,NNV,NULL
2122,NPG,NULL
2122,NPR,NULL
2122,NQ1,NULL
2122,NQA,NULL
2122,NQH,NULL
2122,NQM,NULL
2122,NQT,NULL
2122,NR3,NULL
2122,NR5,NULL
2122,NT2,NULL
2122,NT3,NULL
2122,NT4,NULL
2122,NTE,NULL
2122,NTP,NULL
2122,NTV,NULL
2122,NTX,NULL
2122,NV1,NULL
2122,NV3,NULL
2122,NVC,NULL
2122,NVG,NULL
2122,NVM,NULL
2122,NWF,NULL
2122,NWV,NULL
2122,NWX,NULL
2122,NX1,NULL
2122,NX5,NULL
2122,NXL,NULL
2122,NXM,NULL
2122,NXP,NULL
2122,NXX,NULL
2122,NYG,NULL
2122,NYN,NULL
2122,NYW,NULL
2122,R0A,MANCHESTER UNIVERSITY NHS FOUNDATION TRUST
2122,R0B,SOUTH TYNESIDE AND SUNDERLAND NHS FOUNDATION TRUST
2122,R0D,UNIVERSITY HOSPITALS DORSET NHS FOUNDATION TRUST
2122,R1A,HEREFORDSHIRE AND WORCESTERSHIRE HEALTH AND CARE NHS TRUST
2122,R1C,SOLENT NHS TRUST
2122,R1D,SHROPSHIRE COMMUNITY HEALTH NHS TRUST
2122,R1F,ISLE OF WIGHT NHS TRUST
2122,R1H,BARTS HEALTH NHS TRUST
2122,R1K,LONDON NORTH WEST UNIVERSITY HEALTHCARE NHS TRUST
2122,R1L,ESSEX PARTNERSHIP UNIVERSITY NHS FOUNDATION TRUST
2122,RA2,ROYAL SURREY COUNTY HOSPITAL NHS FOUNDATION TRUST
2122,RA4,YEOVIL DISTRICT HOSPITAL NHS FOUNDATION TRUST
2122,RA7,UNIVERSITY HOSPITALS BRISTOL AND WESTON NHS FOUNDATION TRUST
2122,RA9,TORBAY AND SOUTH DEVON NHS FOUNDATION TRUST
2122,RAE,BRADFORD TEACHING HOSPITALS NHS FOUNDATION TRUST
2122,RAJ,MID AND SOUTH ESSEX NHS FOUNDATION TRUST
2122,RAL,ROYAL FREE LONDON NHS FOUNDATION TRUST
2122,RAN,ROYAL NATIONAL ORTHOPAEDIC HOSPITAL NHS TRUST
2122,RAP,NORTH MIDDLESEX UNIVERSITY HOSPITAL NHS TRUST
2122,RAS,THE HILLINGDON HOSPITALS NHS FOUNDATION TRUST
2122,RAT,NORTH EAST LONDON NHS FOUNDATION TRUST
2122,RAX,KINGSTON HOSPITAL NHS FOUNDATION TRUST
2122,RBD,DORSET COUNTY HOSPITAL NHS FOUNDATION TRUST
2122,RBK,WALSALL HEALTHCARE NHS TRUST
2122,RBL,WIRRAL UNIVERSITY TEACHING HOSPITAL NHS FOUNDATION TRUST
2122,RBN,ST HELENS AND KNOWSLEY TEACHING HOSPITALS NHS TRUST
2122,RBQ,LIVERPOOL HEART AND CHEST HOSPITAL NHS FOUNDATION TRUST
2122,RBS,ALDER HEY CHILDREN'S NHS FOUNDATION TRUST
2122,RBT,MID CHESHIRE HOSPITALS NHS FOUNDATION TRUST
2122,RBV,THE CHRISTIE NHS FOUNDATION TRUST
2122,RBZ,NORTHERN DEVON HEALTHCARE NHS TRUST
2122,RC9,BEDFORDSHIRE HOSPITALS NHS FOUNDATION TRUST
2122,RCB,YORK TEACHING HOSPITAL NHS FOUNDATION TRUST
2122,RCD,HARROGATE AND DISTRICT NHS FOUNDATION TRUST
2122,RCF,AIREDALE NHS FOUNDATION TRUST
2122,RCU,SHEFFIELD CHILDREN'S NHS FOUNDATION TRUST
2122,RCX,"THE QUEEN ELIZABETH HOSPITAL, KING'S LYNN, NHS FOUNDATION TRUST"
2122,RD1,ROYAL UNITED HOSPITALS BATH NHS FOUNDATION TRUST
2122,RD8,MILTON KEYNES UNIVERSITY HOSPITAL NHS FOUNDATION TRUST
2122,RDE,EAST SUFFOLK AND NORTH ESSEX NHS FOUNDATION TRUST
2122,RDR,SUSSEX COMMUNITY NHS FOUNDATION TRUST
2122,RDU,FRIMLEY HEALTH NHS FOUNDATION TRUST
2122,RDY,DORSET HEALTHCARE UNIVERSITY NHS FOUNDATION TRUST
2122,REF,ROYAL CORNWALL HOSPITALS NHS TRUST
2122,REM,LIVERPOOL UNIVERSITY HOSPITALS NHS FOUNDATION TRUST
2122,REN,THE CLATTERBRIDGE CANCER CENTRE NHS FOUNDATION TRUST
2122,REP,LIVERPOOL WOMEN'S NHS FOUNDATION TRUST
2122,RET,THE WALTON CENTRE NHS FOUNDATION TRUST
2122,RF4,"BARKING, HAVERING AND REDBRIDGE UNIVERSITY HOSPITALS NHS TRUST"
2122,RFF,BARNSLEY HOSPITAL NHS FOUNDATION TRUST
2122,RFR,THE ROTHERHAM NHS FOUNDATION TRUST
2122,RFS,CHESTERFIELD ROYAL HOSPITAL NHS FOUNDATION TRUST
2122,RGM,ROYAL PAPWORTH HOSPITAL NHS FOUNDATION TRUST
2122,RGN,NORTH WEST ANGLIA NHS FOUNDATION TRUST
2122,RGP,JAMES PAGET UNIVERSITY HOSPITALS NHS FOUNDATION TRUST
2122,RGR,WEST SUFFOLK NHS FOUNDATION TRUST
2122,RGT,CAMBRIDGE UNIVERSITY HOSPITALS NHS FOUNDATION TRUST
2122,RH5,SOMERSET NHS FOUNDATION TRUST
2122,RH8,ROYAL DEVON AND EXETER NHS FOUNDATION TRUST
2122,RHA,NOTTINGHAMSHIRE HEALTHCARE NHS FOUNDATION TRUST
2122,RHM,UNIVERSITY HOSPITAL SOUTHAMPTON NHS FOUNDATION TRUST
2122,RHQ,SHEFFIELD TEACHING HOSPITALS NHS FOUNDATION TRUST
2122,RHU,PORTSMOUTH HOSPITALS UNIVERSITY NATIONAL HEALTH SERVICE TRUST
2122,RHW,ROYAL BERKSHIRE NHS FOUNDATION TRUST
2122,RJ1,GUY'S AND ST THOMAS' NHS FOUNDATION TRUST
2122,RJ2,LEWISHAM AND GREENWICH NHS TRUST
2122,RJ6,CROYDON HEALTH SERVICES NHS TRUST
2122,RJ7,ST GEORGE'S UNIVERSITY HOSPITALS NHS FOUNDATION TRUST
2122,RJ8,CORNWALL PARTNERSHIP NHS FOUNDATION TRUST
2122,RJC,SOUTH WARWICKSHIRE NHS FOUNDATION TRUST
2122,RJE,UNIVERSITY HOSPITALS OF NORTH MIDLANDS NHS TRUST
2122,RJL,NORTHERN LINCOLNSHIRE AND GOOLE NHS FOUNDATION TRUST
2122,RJN,EAST CHESHIRE NHS TRUST
2122,RJR,COUNTESS OF CHESTER HOSPITAL NHS FOUNDATION TRUST
2122,RJZ,KING'S COLLEGE HOSPITAL NHS FOUNDATION TRUST
2122,RK5,SHERWOOD FOREST HOSPITALS NHS FOUNDATION TRUST
2122,RK9,UNIVERSITY HOSPITALS PLYMOUTH NHS TRUST
2122,RKB,UNIVERSITY HOSPITALS COVENTRY AND WARWICKSHIRE NHS TRUST
2122,RKE,WHITTINGTON HEALTH NHS TRUST
2122,RL1,THE ROBERT JONES AND AGNES HUNT ORTHOPAEDIC HOSPITAL NHS FOUNDATION TRUST
2122,RL4,THE ROYAL WOLVERHAMPTON NHS TRUST
2122,RLQ,WYE VALLEY NHS TRUST
2122,RLT,GEORGE ELIOT HOSPITAL NHS TRUST
2122,RLY,NORTH STAFFORDSHIRE COMBINED HEALTHCARE NHS TRUST
2122,RM1,NORFOLK AND NORWICH UNIVERSITY HOSPITALS NHS FOUNDATION TRUST
2122,RM3,SALFORD ROYAL NHS FOUNDATION TRUST
2122,RMC,BOLTON NHS FOUNDATION TRUST
2122,RMP,TAMESIDE AND GLOSSOP INTEGRATED CARE NHS FOUNDATION TRUST
2122,RN3,GREAT WESTERN HOSPITALS NHS FOUNDATION TRUST
2122,RN5,HAMPSHIRE HOSPITALS NHS FOUNDATION TRUST
2122,RN7,DARTFORD AND GRAVESHAM NHS TRUST
2122,RNA,THE DUDLEY GROUP NHS FOUNDATION TRUST
2122,RNN,NORTH CUMBRIA INTEGRATED CARE NHS FOUNDATION TRUST
2122,RNQ,KETTERING GENERAL HOSPITAL NHS FOUNDATION TRUST
2122,RNS,NORTHAMPTON GENERAL HOSPITAL NHS TRUST
2122,RNU,OXFORD HEALTH NHS FOUNDATION TRUST
2122,RNZ,SALISBURY NHS FOUNDATION TRUST
2122,RP1,NORTHAMPTONSHIRE HEALTHCARE NHS FOUNDATION TRUST
2122,RP4,GREAT ORMOND STREET HOSPITAL FOR CHILDREN NHS FOUNDATION TRUST
2122,RP5,DONCASTER AND BASSETLAW TEACHING HOSPITALS NHS FOUNDATION TRUST
2122,RP6,MOORFIELDS EYE HOSPITAL NHS FOUNDATION TRUST
2122,RPA,MEDWAY NHS FOUNDATION TRUST
2122,RPC,QUEEN VICTORIA HOSPITAL NHS FOUNDATION TRUST
2122,RPG,OXLEAS NHS FOUNDATION TRUST
2122,RPY,THE ROYAL MARSDEN NHS FOUNDATION TRUST
2122,RQ3,BIRMINGHAM WOMEN'S AND CHILDREN'S NHS FOUNDATION TRUST
2122,RQM,CHELSEA AND WESTMINSTER HOSPITAL NHS FOUNDATION TRUST
2122,RQW,THE PRINCESS ALEXANDRA HOSPITAL NHS TRUST
2122,RQX,HOMERTON UNIVERSITY HOSPITAL NHS FOUNDATION TRUST
2122,RQY,SOUTH WEST LONDON AND ST GEORGE'S MENTAL HEALTH NHS TRUST
2122,RR7,GATESHEAD HEALTH NHS FOUNDATION TRUST
2122,RR8,LEEDS TEACHING HOSPITALS NHS TRUST
2122,RRE,MIDLANDS PARTNERSHIP NHS FOUNDATION TRUST
2122,RRF,"WRIGHTINGTON, WIGAN AND LEIGH NHS FOUNDATION TRUST"
2122,RRJ,THE ROYAL ORTHOPAEDIC HOSPITAL NHS FOUNDATION TRUST
2122,RRK,UNIVERSITY HOSPITALS BIRMINGHAM NHS FOUNDATION TRUST
2122,RRV,UNIVERSITY COLLEGE LONDON HOSPITALS NHS FOUNDATION TRUST
2122,RT5,LEICESTERSHIRE PARTNERSHIP NHS TRUST
2122,RTD,THE NEWCASTLE UPON TYNE HOSPITALS NHS FOUNDATION TRUST
2122,RTE,GLOUCESTERSHIRE HOSPITALS NHS FOUNDATION TRUST
2122,RTF,NORTHUMBRIA HEALTHCARE NHS FOUNDATION TRUST
2122,RTG,UNIVERSITY HOSPITALS OF DERBY AND BURTON NHS FOUNDATION TRUST
2122,RTH,OXFORD UNIVERSITY HOSPITALS NHS FOUNDATION TRUST
2122,RTK,ASHFORD AND ST PETER'S HOSPITALS NHS FOUNDATION TRUST
2122,RTP,SURREY AND SUSSEX HEALTHCARE NHS TRUST
2122,RTQ,GLOUCESTERSHIRE HEALTH AND CARE NHS FOUNDATION TRUST
2122,RTR,SOUTH TEES HOSPITALS NHS FOUNDATION TRUST
2122,RTV,NORTH WEST BOROUGHS HEALTHCARE NHS FOUNDATION TRUST
2122,RTX,UNIVERSITY HOSPITALS OF MORECAMBE BAY NHS FOUNDATION TRUST
2122,RV3,CENTRAL AND NORTH WEST LONDON NHS FOUNDATION TRUST
2122,RV9,HUMBER TEACHING NHS FOUNDATION TRUST
2122,RVJ,NORTH BRISTOL NHS TRUST
2122,RVN,AVON AND WILTSHIRE MENTAL HEALTH PARTNERSHIP NHS TRUST
2122,RVR,EPSOM AND ST HELIER UNIVERSITY HOSPITALS NHS TRUST
2122,RVV,EAST KENT HOSPITALS UNIVERSITY NHS FOUNDATION TRUST
2122,RVW,NORTH TEES AND HARTLEPOOL NHS FOUNDATION TRUST
2122,RVY,SOUTHPORT AND ORMSKIRK HOSPITAL NHS TRUST
2122,RW1,SOUTHERN HEALTH NHS FOUNDATION TRUST
2122,RW4,MERSEY CARE NHS FOUNDATION TRUST
2122,RW5,LANCASHIRE & SOUTH CUMBRIA NHS FOUNDATION TRUST
2122,RW6,PENNINE ACUTE HOSPITALS NHS TRUST
2122,RWA,HULL UNIVERSITY TEACHING HOSPITALS NHS TRUST
2122,RWD,UNITED LINCOLNSHIRE HOSPITALS NHS TRUST
2122,RWE,UNIVERSITY HOSPITALS OF LEICESTER NHS TRUST
2122,RWF,MAIDSTONE AND TUNBRIDGE WELLS NHS TRUST
2122,RWG,WEST HERTFORDSHIRE HOSPITALS NHS TRUST
2122,RWH,EAST AND NORTH HERTFORDSHIRE NHS TRUST
2122,RWJ,STOCKPORT NHS FOUNDATION TRUST
2122,RWK,EAST LONDON NHS FOUNDATION TRUST
2122,RWP,WORCESTERSHIRE ACUTE HOSPITALS NHS TRUST
2122,RWR,HERTFORDSHIRE PARTNERSHIP UNIVERSITY NHS FOUNDATION TRUST
2122,RWW,WARRINGTON AND HALTON TEACHING HOSPITALS NHS FOUNDATION TRUST
2122,RWX,BERKSHIRE HEALTHCARE NHS FOUNDATION TRUST
2122,RWY,CALDERDALE AND HUDDERSFIELD NHS FOUNDATION TRUST
2122,RX1,NOTTINGHAM UNIVERSITY HOSPITALS NHS TRUST
2122,RX2,SUSSEX PARTNERSHIP NHS FOUNDATION TRUST
2122,RX4,"CUMBRIA, NORTHUMBERLAND, TYNE AND WEAR NHS FOUNDATION TRUST"
2122,RXA,CHESHIRE AND WIRRAL PARTNERSHIP NHS FOUNDATION TRUST
2122,RXC,EAST SUSSEX HEALTHCARE NHS TRUST
2122,RXE,ROTHERHAM DONCASTER AND SOUTH HUMBER NHS FOUNDATION TRUST
2122,RXF,MID YORKSHIRE HOSPITALS NHS TRUST
2122,RXG,SOUTH WEST YORKSHIRE PARTNERSHIP NHS FOUNDATION TRUST
2122,RXK,SANDWELL AND WEST BIRMINGHAM HOSPITALS NHS TRUST
2122,RXL,BLACKPOOL TEACHING HOSPITALS NHS FOUNDATION TRUST
2122,RXM,DERBYSHIRE HEALTHCARE NHS FOUNDATION TRUST
2122,RXN,LANCASHIRE TEACHING HOSPITALS NHS FOUNDATION TRUST
2122,RXP,COUNTY DURHAM AND DARLINGTON NHS FOUNDATION TRUST
2122,RXQ,BUCKINGHAMSHIRE HEALTHCARE NHS TRUST
2122,RXR,EAST LANCASHIRE HOSPITALS NHS TRUST
2122,RXW,THE SHREWSBURY AND TELFORD HOSPITAL NHS TRUST
2122,RXX,SURREY AND BORDERS PARTNERSHIP NHS FOUNDATION TRUST
2122,RY2,BRIDGEWATER COMMUNITY HEALTHCARE NHS FOUNDATION TRUST
2122,RY3,NORFOLK COMMUNITY HEALTH AND CARE NHS TRUST
2122,RY4,HERTFORDSHIRE COMMUNITY NHS TRUST
2122,RY5,LINCOLNSHIRE COMMUNITY HEALTH SERVICES NHS TRUST
2122,RY6,LEEDS COMMUNITY HEALTHCARE NHS TRUST
2122,RY7,WIRRAL COMMUNITY HEALTH AND CARE NHS FOUNDATION TRUST
2122,RY8,DERBYSHIRE COMMUNITY HEALTH SERVICES NHS FOUNDATION TRUST
2122,RY9,HOUNSLOW AND RICHMOND COMMUNITY HEALTHCARE NHS TRUST
2122,RYG,COVENTRY AND WARWICKSHIRE PARTNERSHIP NHS TRUST
2122,RYJ,IMPERIAL COLLEGE HEALTHCARE NHS TRUST
2122,RYR,UNIVERSITY HOSPITALS SUSSEX NHS FOUNDATION TRUST
2122,RYW,BIRMINGHAM COMMUNITY HEALTHCARE NHS FOUNDATION TRUST
2122,RYX,CENTRAL LONDON COMMUNITY HEALTHCARE NHS TRUST
2122,RYY,KENT COMMUNITY HEALTH NHS FOUNDATION TRUST
2122,TAD,BRADFORD DISTRICT CARE NHS FOUNDATION TRUST
